Interest-Objective,Accountant,Brand Advisor,CEO,CFA,CFO,Co-founder,Company Secretary,COO,CTO,Designer,Entrepreneur,Executive,Finance Specialist,Financial Advisor,Financial Analyst,Graphic Designer,Growth hacker,Influencer,Investment fund,Investor,Journalist,Lawyer,Marketing Agency,Professional,Sales Specialist,Software Engineer,Startup,UI/UX Designer,Videographer,Writer
Lawyers - Explore new perspectives,0.3,0.1,0.1,0.3,0.3,0.1,0.3,0.1,0.1,0.1,0.1,0.1,0.3,0.3,0.3,0.1,0.1,0.1,0.1,0.1,0.1,0.9,0.1,0.1,0.1,0.1,0.1,0.1,0.1,0.1
Lawyers - Meet Interesting People,0.3,0.2,0.2,0.3,0.3,0.2,0.3,0.2,0.2,0.2,0.2,0.2,0.3,0.3,0.3,0.2,0.2,0.1,0.2,0.2,0.2,0.9,0.2,0.2,0.2,0.2,0.2,0.2,0.2,0.2
Lawyers - Start a Company,0.4,0.2,0.2,0.4,0.4,0.2,0.5,0.2,0.2,0.2,0.2,0.2,0.4,0.4,0.4,0.2,0.2,0.1,0.2,0.2,0.2,0.9,0.2,0.2,0.2,0.2,0.2,0.2,0.2,0.2
Lawyers - Provide Job opportunities,0.3,0.1,0.1,0.3,0.3,0.1,0.3,0.1,0.1,0.1,0.1,0.1,0.3,0.3,0.3,0.1,0.1,0.1,0.1,0.1,0.1,0.9,0.1,0.1,0.1,0.1,0.1,0.1,0.1,0.1
Lawyers - Explore job opportunities,0.3,0.1,0.2,0.3,0.3,0.2,0.3,0.2,0.2,0.1,0.2,0.2,0.3,0.3,0.3,0.1,0.1,0.1,0.1,0.1,0.1,0.9,0.1,0.2,0.1,0.2,0.2,0.1,0.1,0.1
Lawyers - Invest in companies / make investor introductions,0.3,0.1,0.3,0.4,0.4,0.3,0.3,0.3,0.3,0.1,0.3,0.3,0.4,0.4,0.4,0.1,0.1,0.1,0.1,0.1,0.1,0.9,0.1,0.3,0.1,0.3,0.3,0.1,0.1,0.1
Lawyers - Make investor relations,0.3,0.1,0.1,0.3,0.3,0.1,0.3,0.1,0.1,0.1,0.1,0.1,0.3,0.3,0.3,0.1,0.1,0.1,0.1,0.1,0.1,0.8,0.1,0.1,0.1,0.1,0.1,0.1,0.1,0.1
Lawyers - Mentor others,0.4,0.1,0.2,0.5,0.5,0.2,0.4,0.2,0.2,0.1,0.2,0.2,0.5,0.5,0.5,0.1,0.1,0.1,0.1,0.1,0.1,0.8,0.1,0.2,0.1,0.2,0.2,0.1,0.1,0.1
Lawyers - Mentor people,0.4,0.1,0.2,0.5,0.5,0.2,0.4,0.2,0.2,0.1,0.2,0.2,0.5,0.5,0.5,0.1,0.1,0.1,0.1,0.1,0.1,0.8,0.1,0.2,0.1,0.2,0.2,0.1,0.1,0.1
Lawyers - Find a mentor,0.4,0.1,0.1,0.4,0.4,0.1,0.4,0.1,0.1,0.1,0.1,0.1,0.4,0.5,0.5,0.1,0.1,0.1,0.1,0.1,0.1,0.9,0.1,0.1,0.1,0.1,0.1,0.1,0.1,0.1
Lawyers - Share my industry expertise,0.4,0.1,0.2,0.5,0.5,0.2,0.4,0.2,0.2,0.1,0.2,0.2,0.5,0.5,0.5,0.1,0.1,0.1,0.1,0.1,0.1,0.8,0.1,0.2,0.1,0.2,0.2,0.1,0.1,0.1
Lawyers - Learn about specific industries,0.4,0.1,0.1,0.4,0.4,0.1,0.4,0.1,0.1,0.1,0.1,0.1,0.4,0.5,0.5,0.1,0.1,0.1,0.1,0.1,0.1,0.9,0.1,0.1,0.1,0.1,0.1,0.1,0.1,0.1
Lawyers - Share product or technical knowledge,0.4,0.1,0.2,0.5,0.5,0.2,0.4,0.2,0.2,0.1,0.2,0.2,0.5,0.5,0.5,0.1,0.1,0.1,0.1,0.1,0.1,0.8,0.1,0.2,0.1,0.2,0.2,0.1,0.1,0.1
Lawyers - Speak with product or technical experts,0.4,0.1,0.2,0.5,0.5,0.2,0.4,0.2,0.2,0.1,0.2,0.2,0.5,0.5,0.5,0.1,0.1,0.1,0.1,0.1,0.1,0.8,0.1,0.2,0.1,0.2,0.2,0.1,0.1,0.1
Lawyers - Explore work & other partnerships,0.3,0.2,0.1,0.4,0.4,0.1,0.3,0.1,0.1,0.2,0.1,0.1,0.4,0.4,0.4,0.2,0.2,0.1,0.2,0.2,0.2,0.9,0.2,0.1,0.2,0.1,0.1,0.2,0.2,0.2
Lawyers - Acquire customers,0.3,0.2,0.1,0.4,0.4,0.1,0.3,0.1,0.1,0.2,0.1,0.1,0.4,0.4,0.4,0.2,0.2,0.1,0.2,0.2,0.2,0.9,0.2,0.1,0.2,0.1,0.1,0.2,0.2,0.2
Lawyers - Explore shared interests,0.3,0.2,0.2,0.4,0.4,0.2,0.3,0.2,0.2,0.2,0.2,0.2,0.4,0.4,0.4,0.2,0.2,0.1,0.2,0.2,0.2,0.9,0.2,0.2,0.2,0.2,0.2,0.2,0.2,0.2
Founders - Explore new perspectives,0.2,0.2,0.9,0.3,0.7,0.9,0.2,0.7,0.9,0.3,0.9,0.5,0.3,0.3,0.3,0.3,0.2,0.1,0.2,0.2,0.1,0.2,0.2,0.2,0.2,0.3,0.4,0.3,0.2,0.2
Founders - Meet Interesting People,0.2,0.2,0.9,0.3,0.7,0.9,0.2,0.7,0.9,0.3,0.9,0.6,0.3,0.3,0.3,0.3,0.2,0.1,0.2,0.2,0.2,0.2,0.2,0.2,0.2,0.3,0.6,0.3,0.2,0.3
Founders - Start a Company,0.3,0.3,0.7,0.3,0.6,0.8,0.3,0.6,0.8,0.4,0.8,0.4,0.3,0.3,0.3,0.4,0.2,0.1,0.3,0.3,0.1,0.3,0.3,0.3,0.3,0.4,0.6,0.4,0.2,0.2
Founders - Provide Job opportunities,0.2,0.2,0.7,0.3,0.7,0.8,0.2,0.7,0.8,0.3,0.9,0.4,0.3,0.3,0.3,0.3,0.2,0.1,0.2,0.2,0.1,0.2,0.2,0.2,0.2,0.3,0.7,0.3,0.2,0.1
Founders - Explore job opportunities,0.2,0.2,0.8,0.2,0.7,0.9,0.2,0.7,0.9,0.2,0.9,0.7,0.2,0.2,0.2,0.2,0.2,0.1,0.2,0.2,0.1,0.2,0.2,0.2,0.2,0.2,0.6,0.2,0.2,0.2
Founders - Invest in companies / make investor introductions,0.1,0.2,0.9,0.1,0.8,0.9,0.1,0.8,0.9,0.2,0.9,0.6,0.1,0.1,0.1,0.2,0.2,0.1,0.1,0.1,0.1,0.1,0.2,0.2,0.2,0.2,0.7,0.2,0.2,0.1
Founders - Make investor relations,0.1,0.1,0.7,0.1,0.7,0.7,0.1,0.7,0.7,0.1,0.7,0.5,0.1,0.1,0.1,0.1,0.1,0.1,0.1,0.1,0.1,0.1,0.1,0.1,0.1,0.1,0.2,0.1,0.1,0.1
Founders - Mentor others,0.2,0.2,0.9,0.3,0.7,0.9,0.2,0.7,0.9,0.3,0.9,0.3,0.3,0.3,0.3,0.3,0.2,0.1,0.2,0.2,0.1,0.2,0.2,0.2,0.2,0.3,0.7,0.3,0.2,0.2
Founders - Mentor people,0.2,0.2,0.9,0.3,0.7,0.9,0.2,0.7,0.9,0.3,0.9,0.3,0.3,0.3,0.3,0.3,0.2,0.1,0.2,0.2,0.1,0.2,0.2,0.2,0.2,0.3,0.7,0.3,0.2,0.2
Founders - Find a mentor,0.2,0.2,0.8,0.3,0.8,0.9,0.2,0.8,0.9,0.3,0.8,0.7,0.3,0.3,0.3,0.3,0.2,0.1,0.2,0.2,0.1,0.2,0.2,0.2,0.2,0.3,0.4,0.3,0.2,0.2
Founders - Share my industry expertise,0.2,0.2,0.9,0.3,0.7,0.9,0.2,0.7,0.9,0.3,0.9,0.3,0.3,0.3,0.3,0.3,0.2,0.1,0.2,0.2,0.1,0.2,0.2,0.2,0.2,0.3,0.7,0.3,0.2,0.2
Founders - Learn about specific industries,0.2,0.2,0.8,0.3,0.8,0.9,0.2,0.8,0.9,0.3,0.8,0.7,0.3,0.3,0.3,0.3,0.2,0.1,0.2,0.2,0.1,0.2,0.2,0.2,0.2,0.3,0.4,0.3,0.2,0.2
Founders - Share product or technical knowledge,0.2,0.2,0.9,0.3,0.7,0.9,0.2,0.7,0.9,0.3,0.9,0.3,0.3,0.3,0.3,0.3,0.2,0.1,0.2,0.2,0.1,0.2,0.2,0.2,0.2,0.3,0.7,0.3,0.2,0.2
Founders - Speak with product or technical experts,0.2,0.2,0.9,0.3,0.7,0.9,0.2,0.7,0.9,0.3,0.9,0.3,0.3,0.3,0.3,0.3,0.2,0.1,0.2,0.2,0.1,0.2,0.2,0.2,0.2,0.3,0.7,0.3,0.2,0.2
Founders - Explore work & other partnerships,0.2,0.2,0.8,0.3,0.7,0.9,0.2,0.7,0.9,0.3,0.9,0.6,0.3,0.3,0.3,0.3,0.2,0.1,0.2,0.2,0.2,0.2,0.2,0.2,0.2,0.3,0.4,0.3,0.2,0.2
Founders - Acquire customers,0.2,0.2,0.8,0.3,0.7,0.9,0.2,0.7,0.9,0.3,0.9,0.6,0.3,0.3,0.3,0.3,0.2,0.1,0.2,0.2,0.2,0.2,0.2,0.2,0.2,0.3,0.4,0.3,0.2,0.2
Founders - Explore shared interests,0.2,0.2,0.9,0.3,0.8,0.9,0.2,0.8,0.9,0.3,0.9,0.6,0.3,0.3,0.3,0.3,0.2,0.1,0.2,0.2,0.1,0.2,0.2,0.2,0.2,0.3,0.6,0.3,0.2,0.2
Investors - Explore new perspectives,0.1,0.1,0.1,0.1,0.1,0.1,0.1,0.1,0.1,0.1,0.1,0.1,0.1,0.1,0.1,0.1,0.1,0.1,0.9,0.9,0.1,0.1,0.1,0.1,0.1,0.1,0.1,0.1,0.1,0.1
Investors - Meet Interesting People,0.2,0.2,0.1,0.2,0.2,0.1,0.2,0.2,0.1,0.2,0.1,0.2,0.2,0.2,0.2,0.2,0.2,0.1,0.9,0.9,0.1,0.2,0.2,0.2,0.2,0.2,0.1,0.2,0.1,0.2
Investors - Start a Company,0.2,0.2,0.2,0.2,0.2,0.2,0.2,0.2,0.2,0.2,0.2,0.2,0.2,0.2,0.2,0.2,0.2,0.1,0.9,0.9,0.2,0.2,0.2,0.2,0.2,0.2,0.2,0.2,0.2,0.2
Investors - Provide Job opportunities,0.1,0.1,0.1,0.1,0.1,0.1,0.1,0.1,0.1,0.1,0.1,0.1,0.1,0.1,0.1,0.1,0.1,0.1,0.9,0.9,0.1,0.1,0.1,0.1,0.1,0.1,0.1,0.1,0.1,0.1
Investors - Explore job opportunities,0.1,0.1,0.1,0.1,0.1,0.1,0.1,0.1,0.1,0.1,0.1,0.1,0.1,0.1,0.1,0.1,0.1,0.1,0.9,0.9,0.1,0.1,0.1,0.1,0.1,0.1,0.1,0.1,0.1,0.1
Investors - Invest in companies / make investor introductions,0.1,0.1,0.5,0.1,0.1,0.5,0.1,0.1,0.5,0.1,0.5,0.1,0.1,0.1,0.1,0.1,0.1,0.1,0.9,0.9,0.1,0.1,0.1,0.1,0.1,0.1,0.4,0.1,0.1,0.1
Investors - Make investor relations,0.1,0.1,0.1,0.1,0.1,0.1,0.1,0.1,0.1,0.1,0.1,0.1,0.1,0.1,0.1,0.1,0.1,0.1,0.9,0.9,0.1,0.1,0.1,0.1,0.1,0.1,0.1,0.1,0.1,0.1
Investors - Mentor others,0.1,0.1,0.5,0.1,0.1,0.5,0.1,0.1,0.5,0.1,0.5,0.1,0.1,0.1,0.1,0.1,0.1,0.1,0.9,0.8,0.1,0.1,0.1,0.1,0.1,0.1,0.3,0.1,0.1,0.1
Investors - Mentor people,0.1,0.1,0.5,0.1,0.1,0.5,0.1,0.1,0.5,0.1,0.5,0.1,0.1,0.1,0.1,0.1,0.1,0.1,0.9,0.8,0.1,0.1,0.1,0.1,0.1,0.1,0.3,0.1,0.1,0.1
Investors - Find a mentor,0.1,0.1,0.3,0.1,0.1,0.3,0.1,0.1,0.3,0.1,0.3,0.1,0.1,0.1,0.1,0.1,0.1,0.1,0.9,0.9,0.1,0.1,0.1,0.1,0.1,0.1,0.3,0.1,0.1,0.1
Investors - Share my industry expertise,0.1,0.1,0.5,0.1,0.1,0.5,0.1,0.1,0.5,0.1,0.5,0.1,0.1,0.1,0.1,0.1,0.1,0.1,0.9,0.8,0.1,0.1,0.1,0.1,0.1,0.1,0.3,0.1,0.1,0.1
Investors - Learn about specific industries,0.1,0.1,0.3,0.1,0.1,0.3,0.1,0.1,0.3,0.1,0.3,0.1,0.1,0.1,0.1,0.1,0.1,0.1,0.9,0.9,0.1,0.1,0.1,0.1,0.1,0.1,0.3,0.1,0.1,0.1
Investors - Share product or technical knowledge,0.1,0.1,0.5,0.1,0.1,0.5,0.1,0.1,0.5,0.1,0.5,0.1,0.1,0.1,0.1,0.1,0.1,0.1,0.9,0.8,0.1,0.1,0.1,0.1,0.1,0.1,0.3,0.1,0.1,0.1
Investors - Speak with product or technical experts,0.1,0.1,0.5,0.1,0.1,0.5,0.1,0.1,0.5,0.1,0.5,0.1,0.1,0.1,0.1,0.1,0.1,0.1,0.9,0.8,0.1,0.1,0.1,0.1,0.1,0.1,0.3,0.1,0.1,0.1
Investors - Explore work & other partnerships,0.2,0.2,0.1,0.2,0.2,0.1,0.2,0.2,0.1,0.2,0.1,0.2,0.2,0.2,0.2,0.2,0.2,0.1,0.9,0.9,0.2,0.2,0.2,0.2,0.2,0.2,0.1,0.2,0.2,0.2
Investors - Acquire customers,0.2,0.2,0.1,0.2,0.2,0.1,0.2,0.2,0.1,0.2,0.1,0.2,0.2,0.2,0.2,0.2,0.2,0.1,0.9,0.9,0.2,0.2,0.2,0.2,0.2,0.2,0.1,0.2,0.2,0.2
Investors - Explore shared interests,0.2,0.2,0.1,0.2,0.2,0.1,0.2,0.2,0.1,0.2,0.1,0.2,0.2,0.2,0.2,0.2,0.2,0.1,0.9,0.9,0.2,0.2,0.2,0.2,0.2,0.2,0.1,0.2,0.2,0.2
Financial Advisors - Explore new perspectives,0.9,0.1,0.1,0.9,0.9,0.1,0.9,0.1,0.1,0.1,0.1,0.3,0.9,0.9,0.9,0.1,0.1,0.1,0.3,0.3,0.1,0.3,0.1,0.1,0.1,0.1,0.1,0.1,0.1,0.1
Financial Advisors - Meet Interesting People,0.9,0.2,0.2,0.9,0.9,0.2,0.9,0.2,0.2,0.2,0.2,0.5,0.9,0.9,0.9,0.2,0.2,0.1,0.5,0.5,0.1,0.3,0.2,0.2,0.2,0.2,0.2,0.2,0.1,0.2
Financial Advisors - Start a Company,0.9,0.2,0.2,0.9,0.9,0.2,0.9,0.2,0.2,0.2,0.2,0.4,0.9,0.9,0.9,0.2,0.2,0.1,0.4,0.4,0.1,0.4,0.2,0.2,0.2,0.2,0.2,0.2,0.2,0.1
Financial Advisors - Provide Job opportunities,0.8,0.1,0.1,0.8,0.8,0.1,0.8,0.1,0.1,0.1,0.1,0.2,0.8,0.8,0.8,0.1,0.1,0.1,0.2,0.2,0.1,0.3,0.1,0.1,0.1,0.1,0.1,0.1,0.1,0.1
Financial Advisors - Explore job opportunities,0.8,0.1,0.1,0.8,0.9,0.1,0.8,0.1,0.1,0.1,0.1,0.6,0.8,0.8,0.8,0.1,0.1,0.1,0.2,0.2,0.1,0.3,0.1,0.1,0.1,0.1,0.1,0.1,0.1,0.1
Financial Advisors - Invest in companies / make investor introductions,0.8,0.1,0.5,0.8,0.8,0.3,0.8,0.5,0.2,0.1,0.5,0.3,0.8,0.8,0.8,0.1,0.1,0.1,0.2,0.2,0.1,0.3,0.1,0.1,0.1,0.2,0.3,0.1,0.1,0.1
Financial Advisors - Make investor relations,0.5,0.1,0.1,0.8,0.8,0.1,0.5,0.1,0.1,0.1,0.1,0.3,0.8,0.8,0.8,0.1,0.1,0.1,0.6,0.6,0.1,0.3,0.1,0.1,0.1,0.1,0.1,0.1,0.1,0.1
Financial Advisors - Mentor others,0.7,0.1,0.2,0.8,0.7,0.2,0.7,0.2,0.2,0.1,0.2,0.4,0.8,0.8,0.8,0.1,0.1,0.1,0.4,0.4,0.1,0.4,0.1,0.1,0.1,0.2,0.2,0.1,0.1,0.1
Financial Advisors - Mentor people,0.7,0.1,0.2,0.8,0.7,0.2,0.7,0.2,0.2,0.1,0.2,0.4,0.8,0.8,0.8,0.1,0.1,0.1,0.4,0.4,0.1,0.4,0.1,0.1,0.1,0.2,0.2,0.1,0.1,0.1
Financial Advisors - Find a mentor,0.8,0.1,0.1,0.9,0.9,0.1,0.7,0.1,0.1,0.1,0.1,0.2,0.9,0.9,0.9,0.1,0.1,0.1,0.3,0.3,0.1,0.4,0.1,0.1,0.1,0.1,0.1,0.1,0.1,0.1
Financial Advisors - Share my industry expertise,0.7,0.1,0.2,0.8,0.7,0.2,0.7,0.2,0.2,0.1,0.2,0.4,0.8,0.8,0.8,0.1,0.1,0.1,0.4,0.4,0.1,0.4,0.1,0.1,0.1,0.2,0.2,0.1,0.1,0.1
Financial Advisors - Learn about specific industries,0.8,0.1,0.1,0.9,0.9,0.1,0.7,0.1,0.1,0.1,0.1,0.2,0.9,0.9,0.9,0.1,0.1,0.1,0.3,0.3,0.1,0.4,0.1,0.1,0.1,0.1,0.1,0.1,0.1,0.1
Financial Advisors - Share product or technical knowledge,0.7,0.1,0.2,0.8,0.7,0.2,0.7,0.2,0.2,0.1,0.2,0.4,0.8,0.8,0.8,0.1,0.1,0.1,0.4,0.4,0.1,0.4,0.1,0.1,0.1,0.2,0.2,0.1,0.1,0.1
Financial Advisors - Speak with product or technical experts,0.7,0.1,0.2,0.8,0.7,0.2,0.7,0.2,0.2,0.1,0.2,0.4,0.8,0.8,0.8,0.1,0.1,0.1,0.4,0.4,0.1,0.4,0.1,0.1,0.1,0.2,0.2,0.1,0.1,0.1
Financial Advisors - Explore work & other partnerships,0.8,0.2,0.1,0.9,0.9,0.1,0.8,0.1,0.1,0.2,0.1,0.3,0.9,0.9,0.9,0.2,0.2,0.1,0.3,0.3,0.1,0.3,0.2,0.2,0.2,0.1,0.1,0.2,0.2,0.1
Financial Advisors - Acquire customers,0.8,0.2,0.1,0.9,0.9,0.1,0.8,0.1,0.1,0.2,0.1,0.3,0.9,0.9,0.9,0.2,0.2,0.1,0.3,0.3,0.1,0.3,0.2,0.2,0.2,0.1,0.1,0.2,0.2,0.1
Financial Advisors - Explore shared interests,0.8,0.2,0.1,0.9,0.9,0.1,0.8,0.1,0.1,0.2,0.1,0.4,0.9,0.9,0.9,0.2,0.2,0.1,0.3,0.3,0.1,0.3,0.2,0.2,0.2,0.1,0.1,0.2,0.1,0.2
Technical Experts - Explore new perspectives,0.1,0.1,0.1,0.1,0.1,0.3,0.1,0.1,0.9,0.1,0.1,0.1,0.1,0.1,0.1,0.1,0.1,0.1,0.1,0.1,0.1,0.1,0.1,0.3,0.1,0.9,0.1,0.1,0.1,0.1
Technical Experts - Meet Interesting People,0.2,0.1,0.2,0.2,0.2,0.4,0.2,0.2,0.9,0.1,0.2,0.3,0.2,0.2,0.2,0.1,0.1,0.1,0.2,0.2,0.1,0.2,0.1,0.4,0.1,0.8,0.2,0.1,0.1,0.1
Technical Experts - Start a Company,0.2,0.1,0.2,0.2,0.2,0.4,0.2,0.2,0.9,0.1,0.2,0.2,0.2,0.2,0.2,0.1,0.1,0.1,0.2,0.2,0.1,0.2,0.1,0.3,0.1,0.9,0.2,0.1,0.1,0.1
Technical Experts - Provide Job opportunities,0.1,0.1,0.1,0.1,0.1,0.4,0.1,0.1,0.8,0.1,0.1,0.1,0.1,0.1,0.1,0.1,0.1,0.1,0.1,0.1,0.1,0.1,0.1,0.4,0.1,0.9,0.1,0.1,0.1,0.1
Technical Experts - Explore job opportunities,0.1,0.1,0.2,0.1,0.1,0.4,0.1,0.1,0.9,0.1,0.2,0.4,0.1,0.1,0.1,0.1,0.1,0.1,0.1,0.1,0.1,0.1,0.1,0.4,0.1,0.7,0.2,0.1,0.1,0.1
Technical Experts - Invest in companies / make investor introductions,0.1,0.1,0.3,0.1,0.1,0.3,0.1,0.1,0.9,0.1,0.3,0.1,0.1,0.1,0.1,0.1,0.1,0.1,0.1,0.1,0.1,0.1,0.1,0.3,0.1,0.7,0.2,0.1,0.1,0.1
Technical Experts - Make investor relations,0.1,0.1,0.1,0.1,0.1,0.1,0.1,0.1,0.8,0.1,0.1,0.1,0.1,0.1,0.1,0.1,0.1,0.1,0.1,0.1,0.1,0.1,0.1,0.3,0.1,0.8,0.1,0.1,0.1,0.1
Technical Experts - Mentor others,0.1,0.1,0.1,0.1,0.1,0.2,0.1,0.1,0.8,0.1,0.1,0.1,0.1,0.1,0.1,0.1,0.1,0.1,0.1,0.1,0.1,0.1,0.1,0.4,0.1,0.8,0.1,0.1,0.1,0.1
Technical Experts - Mentor people,0.1,0.1,0.1,0.1,0.1,0.2,0.1,0.1,0.8,0.1,0.1,0.1,0.1,0.1,0.1,0.1,0.1,0.1,0.1,0.1,0.1,0.1,0.1,0.4,0.1,0.8,0.1,0.1,0.1,0.1
Technical Experts - Find a mentor,0.1,0.1,0.1,0.2,0.2,0.4,0.1,0.2,0.9,0.1,0.1,0.3,0.2,0.2,0.2,0.1,0.1,0.1,0.1,0.1,0.1,0.1,0.1,0.3,0.1,0.9,0.1,0.1,0.1,0.1
Technical Experts - Share my industry expertise,0.1,0.1,0.1,0.1,0.1,0.2,0.1,0.1,0.8,0.1,0.1,0.1,0.1,0.1,0.1,0.1,0.1,0.1,0.1,0.1,0.1,0.1,0.1,0.4,0.1,0.8,0.1,0.1,0.1,0.1
Technical Experts - Learn about specific industries,0.1,0.1,0.1,0.2,0.2,0.4,0.1,0.2,0.9,0.1,0.1,0.3,0.2,0.2,0.2,0.1,0.1,0.1,0.1,0.1,0.1,0.1,0.1,0.3,0.1,0.9,0.1,0.1,0.1,0.1
Technical Experts - Share product or technical knowledge,0.1,0.1,0.1,0.1,0.1,0.2,0.1,0.1,0.8,0.1,0.1,0.1,0.1,0.1,0.1,0.1,0.1,0.1,0.1,0.1,0.1,0.1,0.1,0.4,0.1,0.8,0.1,0.1,0.1,0.1
Technical Experts - Speak with product or technical experts,0.1,0.1,0.1,0.1,0.1,0.2,0.1,0.1,0.8,0.1,0.1,0.1,0.1,0.1,0.1,0.1,0.1,0.1,0.1,0.1,0.1,0.1,0.1,0.4,0.1,0.8,0.1,0.1,0.1,0.1
Technical Experts - Explore work & other partnerships,0.2,0.1,0.1,0.2,0.2,0.2,0.2,0.2,0.9,0.1,0.1,0.2,0.2,0.2,0.2,0.1,0.1,0.1,0.2,0.2,0.1,0.2,0.1,0.2,0.1,0.9,0.1,0.1,0.1,0.1
Technical Experts - Acquire customers,0.2,0.1,0.1,0.2,0.2,0.2,0.2,0.2,0.9,0.1,0.1,0.2,0.2,0.2,0.2,0.1,0.1,0.1,0.2,0.2,0.1,0.2,0.1,0.2,0.1,0.9,0.1,0.1,0.1,0.1
Technical Experts - Explore shared interests,0.2,0.1,0.2,0.2,0.2,0.3,0.2,0.2,0.9,0.1,0.2,0.2,0.2,0.2,0.2,0.1,0.1,0.1,0.2,0.2,0.1,0.2,0.1,0.2,0.1,0.9,0.2,0.1,0.1,0.1
Marketing Experts - Explore new perspectives,0.1,0.9,0.1,0.1,0.1,0.1,0.1,0.1,0.1,0.4,0.1,0.1,0.1,0.1,0.1,0.4,0.7,0.3,0.1,0.1,0.4,0.1,0.9,0.1,0.9,0.1,0.1,0.3,0.6,0.5
Marketing Experts - Meet Interesting People,0.2,0.9,0.2,0.2,0.2,0.2,0.2,0.2,0.2,0.5,0.2,0.3,0.2,0.2,0.2,0.5,0.7,0.3,0.2,0.2,0.5,0.2,0.9,0.3,0.9,0.2,0.2,0.3,0.5,0.6
Marketing Experts - Start a Company,0.2,0.9,0.2,0.2,0.2,0.2,0.2,0.2,0.2,0.4,0.2,0.2,0.2,0.2,0.2,0.4,0.7,0.4,0.2,0.2,0.5,0.2,0.9,0.2,0.9,0.2,0.2,0.5,0.7,0.4
Marketing Experts - Provide Job opportunities,0.1,0.8,0.1,0.1,0.1,0.1,0.1,0.1,0.1,0.5,0.1,0.1,0.1,0.1,0.1,0.5,0.8,0.3,0.1,0.1,0.4,0.1,0.7,0.1,0.8,0.1,0.1,0.6,0.6,0.6
Marketing Experts - Explore job opportunities,0.1,0.8,0.2,0.1,0.1,0.2,0.1,0.1,0.2,0.4,0.2,0.1,0.1,0.1,0.1,0.4,0.7,0.1,0.1,0.1,0.3,0.1,0.9,0.1,0.7,0.2,0.2,0.2,0.5,0.4
Marketing Experts - Invest in companies / make investor introductions,0.1,0.9,0.3,0.1,0.1,0.3,0.1,0.1,0.3,0.4,0.3,0.1,0.1,0.1,0.1,0.4,0.5,0.1,0.1,0.1,0.3,0.1,0.9,0.1,0.9,0.2,0.2,0.3,0.6,0.2
Marketing Experts - Make investor relations,0.1,0.8,0.1,0.1,0.1,0.1,0.1,0.1,0.1,0.3,0.1,0.1,0.1,0.1,0.1,0.3,0.4,0.1,0.1,0.1,0.1,0.1,0.8,0.1,0.8,0.1,0.1,0.2,0.2,0.2
Marketing Experts - Mentor others,0.1,0.8,0.1,0.1,0.1,0.1,0.1,0.1,0.1,0.4,0.1,0.1,0.1,0.1,0.1,0.4,0.7,0.4,0.1,0.1,0.3,0.1,0.8,0.1,0.8,0.1,0.1,0.2,0.5,0.4
Marketing Experts - Mentor people,0.1,0.8,0.1,0.1,0.1,0.1,0.1,0.1,0.1,0.4,0.1,0.1,0.1,0.1,0.1,0.4,0.7,0.4,0.1,0.1,0.3,0.1,0.8,0.1,0.8,0.1,0.1,0.2,0.5,0.4
Marketing Experts - Find a mentor,0.1,0.9,0.1,0.2,0.2,0.1,0.1,0.2,0.1,0.4,0.1,0.3,0.2,0.2,0.2,0.4,0.7,0.3,0.1,0.1,0.4,0.1,0.9,0.3,0.9,0.1,0.1,0.3,0.4,0.3
Marketing Experts - Share my industry expertise,0.1,0.8,0.1,0.1,0.1,0.1,0.1,0.1,0.1,0.4,0.1,0.1,0.1,0.1,0.1,0.4,0.7,0.4,0.1,0.1,0.3,0.1,0.8,0.1,0.8,0.1,0.1,0.2,0.5,0.4
Marketing Experts - Learn about specific industries,0.1,0.9,0.1,0.2,0.2,0.1,0.1,0.2,0.1,0.4,0.1,0.3,0.2,0.2,0.2,0.4,0.7,0.3,0.1,0.1,0.4,0.1,0.9,0.3,0.9,0.1,0.1,0.3,0.4,0.3
Marketing Experts - Share product or technical knowledge,0.1,0.8,0.1,0.1,0.1,0.1,0.1,0.1,0.1,0.4,0.1,0.1,0.1,0.1,0.1,0.4,0.7,0.4,0.1,0.1,0.3,0.1,0.8,0.1,0.8,0.1,0.1,0.2,0.5,0.4
Marketing Experts - Speak with product or technical experts,0.1,0.8,0.1,0.1,0.1,0.1,0.1,0.1,0.1,0.4,0.1,0.1,0.1,0.1,0.1,0.4,0.7,0.4,0.1,0.1,0.3,0.1,0.8,0.1,0.8,0.1,0.1,0.2,0.5,0.4
Marketing Experts - Explore work & other partnerships,0.2,0.9,0.1,0.2,0.2,0.1,0.2,0.2,0.1,0.4,0.1,0.2,0.2,0.2,0.2,0.4,0.7,0.2,0.2,0.2,0.4,0.2,0.9,0.2,0.9,0.1,0.1,0.2,0.6,0.4
Marketing Experts - Acquire customers,0.2,0.9,0.1,0.2,0.2,0.1,0.2,0.2,0.1,0.4,0.1,0.2,0.2,0.2,0.2,0.4,0.7,0.2,0.2,0.2,0.4,0.2,0.9,0.2,0.9,0.1,0.1,0.2,0.6,0.4
Marketing Experts - Explore shared interests,0.2,0.8,0.2,0.2,0.2,0.2,0.2,0.2,0.2,0.4,0.2,0.2,0.2,0.2,0.2,0.4,0.7,0.3,0.2,0.2,0.3,0.2,0.9,0.2,0.8,0.2,0.2,0.2,0.5,0.6
Advisor/consultant - Explore new perspectives,0.6,0.3,0.1,0.8,0.6,0.1,0.6,0.6,0.1,0.3,0.1,0.5,0.8,0.9,0.9,0.3,0.2,0.1,0.3,0.3,0.1,0.4,0.4,0.1,0.3,0.1,0.1,0.2,0.2,0.2
Advisor/consultant - Meet Interesting People,0.7,0.4,0.2,0.8,0.7,0.2,0.7,0.7,0.2,0.4,0.2,0.6,0.8,0.9,0.9,0.4,0.3,0.1,0.4,0.4,0.3,0.5,0.4,0.3,0.4,0.2,0.2,0.3,0.3,0.2
Advisor/consultant - Start a Company,0.9,0.5,0.2,0.9,0.7,0.2,0.9,0.7,0.2,0.5,0.2,0.6,0.9,0.9,0.9,0.5,0.4,0.1,0.5,0.5,0.2,0.4,0.6,0.2,0.5,0.2,0.2,0.2,0.2,0.2
Advisor/consultant - Provide Job opportunities,0.6,0.4,0.1,0.7,0.6,0.1,0.6,0.6,0.1,0.4,0.1,0.4,0.7,0.8,0.8,0.4,0.4,0.1,0.4,0.4,0.2,0.3,0.4,0.2,0.4,0.1,0.1,0.3,0.3,0.1
Advisor/consultant - Explore job opportunities,0.6,0.3,0.2,0.6,0.6,0.2,0.6,0.6,0.2,0.3,0.2,0.6,0.6,0.6,0.6,0.3,0.2,0.1,0.3,0.3,0.1,0.4,0.4,0.1,0.3,0.2,0.2,0.3,0.3,0.2
Advisor/consultant - Invest in companies / make investor introductions,0.4,0.3,0.3,0.4,0.4,0.3,0.4,0.4,0.3,0.3,0.3,0.4,0.4,0.4,0.4,0.3,0.2,0.1,0.3,0.3,0.1,0.3,0.4,0.1,0.3,0.1,0.2,0.3,0.3,0.2
Advisor/consultant - Make investor relations,0.4,0.4,0.1,0.6,0.6,0.1,0.4,0.6,0.1,0.4,0.1,0.3,0.6,0.6,0.6,0.4,0.2,0.1,0.4,0.4,0.1,0.4,0.3,0.1,0.4,0.1,0.1,0.1,0.1,0.1
Advisor/consultant - Mentor others,0.6,0.4,0.1,0.7,0.5,0.1,0.6,0.5,0.1,0.4,0.1,0.4,0.7,0.7,0.7,0.4,0.4,0.1,0.4,0.4,0.2,0.3,0.4,0.2,0.4,0.1,0.1,0.2,0.2,0.2
Advisor/consultant - Mentor people,0.6,0.4,0.1,0.7,0.5,0.1,0.6,0.5,0.1,0.4,0.1,0.4,0.7,0.7,0.7,0.4,0.4,0.1,0.4,0.4,0.2,0.3,0.4,0.2,0.4,0.1,0.1,0.2,0.2,0.2
Advisor/consultant - Find a mentor,0.7,0.4,0.1,0.8,0.6,0.1,0.7,0.6,0.1,0.4,0.1,0.6,0.8,0.9,0.9,0.4,0.3,0.1,0.4,0.4,0.1,0.4,0.6,0.1,0.4,0.1,0.1,0.3,0.3,0.2
Advisor/consultant - Share my industry experties,0.6,0.4,0.1,0.7,0.5,0.1,0.6,0.5,0.1,0.4,0.1,0.4,0.7,0.7,0.7,0.4,0.4,0.1,0.4,0.4,0.2,0.3,0.4,0.2,0.4,0.1,0.1,0.2,0.2,0.2
Advisor/consultant - Learn about specific industries,0.7,0.4,0.1,0.8,0.6,0.1,0.7,0.6,0.1,0.4,0.1,0.6,0.8,0.9,0.9,0.4,0.3,0.1,0.4,0.4,0.1,0.4,0.6,0.1,0.4,0.1,0.1,0.3,0.3,0.2
Advisor/consultant - Share product or technical knowledge,0.6,0.4,0.1,0.7,0.5,0.1,0.6,0.5,0.1,0.4,0.1,0.4,0.7,0.7,0.7,0.4,0.4,0.1,0.4,0.4,0.2,0.3,0.4,0.2,0.4,0.1,0.1,0.2,0.2,0.2
Advisor/consultant - Speak with product or technical experts,0.6,0.4,0.1,0.7,0.5,0.1,0.6,0.5,0.1,0.4,0.1,0.4,0.7,0.7,0.7,0.4,0.4,0.1,0.4,0.4,0.2,0.3,0.4,0.2,0.4,0.1,0.1,0.2,0.2,0.2
Advisor/consultant - Explore work & other partnerships,0.7,0.4,0.1,0.7,0.6,0.1,0.7,0.6,0.1,0.4,0.1,0.5,0.7,0.9,0.9,0.4,0.3,0.1,0.4,0.4,0.2,0.4,0.5,0.2,0.4,0.1,0.1,0.3,0.3,0.2
Advisor/consultant - Acquire customers,0.7,0.4,0.1,0.7,0.6,0.1,0.7,0.6,0.1,0.4,0.1,0.5,0.7,0.9,0.9,0.4,0.3,0.1,0.4,0.4,0.2,0.4,0.5,0.2,0.4,0.1,0.1,0.3,0.3,0.2
Advisor/consultant - Explore shared interests,0.7,0.4,0.2,0.8,0.6,0.2,0.7,0.6,0.2,0.4,0.2,0.4,0.8,0.8,0.8,0.4,0.3,0.1,0.4,0.4,0.2,0.3,0.5,0.2,0.4,0.2,0.2,0.2,0.2,0.3
Executives - Explore new perspectives,0.5,0.1,0.6,0.6,0.8,0.5,0.5,0.8,0.2,0.1,0.6,0.9,0.6,0.6,0.6,0.1,0.1,0.1,0.3,0.3,0.1,0.3,0.1,0.5,0.1,0.2,0.2,0.1,0.1,0.1
Executives - Meet Interesting People,0.5,0.2,0.6,0.6,0.8,0.5,0.5,0.8,0.3,0.2,0.6,0.9,0.6,0.6,0.6,0.2,0.2,0.1,0.2,0.2,0.2,0.2,0.2,0.6,0.2,0.3,0.3,0.2,0.2,0.2
Executives - Start a Company,0.6,0.2,0.2,0.5,0.7,0.2,0.6,0.7,0.2,0.2,0.2,0.9,0.5,0.5,0.5,0.2,0.2,0.1,0.5,0.5,0.2,0.5,0.2,0.4,0.2,0.2,0.2,0.2,0.2,0.2
Executives - Provide Job opportunities,0.5,0.1,0.1,0.5,0.8,0.1,0.5,0.8,0.1,0.1,0.1,0.9,0.5,0.5,0.5,0.1,0.1,0.1,0.4,0.4,0.1,0.4,0.1,0.7,0.1,0.1,0.1,0.1,0.1,0.1
Executives - Explore job opportunities,0.5,0.1,0.6,0.5,0.7,0.5,0.5,0.7,0.2,0.1,0.6,0.9,0.5,0.5,0.5,0.1,0.1,0.1,0.3,0.3,0.1,0.3,0.1,0.4,0.1,0.2,0.2,0.1,0.1,0.1
Executives - Invest in companies / make investor introductions,0.5,0.1,0.7,0.5,0.7,0.6,0.5,0.7,0.3,0.1,0.7,0.9,0.5,0.5,0.5,0.1,0.1,0.1,0.3,0.3,0.1,0.3,0.1,0.5,0.1,0.3,0.3,0.1,0.1,0.1
Executives - Make investor relations,0.4,0.1,0.1,0.5,0.7,0.1,0.4,0.7,0.1,0.1,0.1,0.7,0.5,0.5,0.5,0.1,0.1,0.1,0.2,0.2,0.1,0.2,0.1,0.4,0.1,0.1,0.1,0.1,0.1,0.1
Executives - Mentor others,0.5,0.1,0.5,0.5,0.7,0.5,0.5,0.7,0.2,0.1,0.5,0.9,0.5,0.5,0.5,0.1,0.1,0.1,0.3,0.3,0.1,0.3,0.1,0.5,0.1,0.2,0.2,0.1,0.1,0.1
Executives - Mentor people,0.5,0.1,0.5,0.5,0.7,0.5,0.5,0.7,0.2,0.1,0.5,0.9,0.5,0.5,0.5,0.1,0.1,0.1,0.3,0.3,0.1,0.3,0.1,0.5,0.1,0.2,0.2,0.1,0.1,0.1
Executives - Find a mentor,0.5,0.1,0.5,0.6,0.8,0.5,0.5,0.8,0.3,0.1,0.5,0.9,0.6,0.6,0.6,0.1,0.1,0.1,0.3,0.3,0.1,0.3,0.1,0.6,0.1,0.3,0.3,0.1,0.1,0.1
Executives - Share my industry expertise,0.5,0.1,0.5,0.5,0.7,0.5,0.5,0.7,0.2,0.1,0.5,0.9,0.5,0.5,0.5,0.1,0.1,0.1,0.3,0.3,0.1,0.3,0.1,0.5,0.1,0.2,0.2,0.1,0.1,0.1
Executives - Learn about specific industries,0.5,0.1,0.5,0.6,0.8,0.5,0.5,0.8,0.3,0.1,0.5,0.9,0.6,0.6,0.6,0.1,0.1,0.1,0.3,0.3,0.1,0.3,0.1,0.6,0.1,0.3,0.3,0.1,0.1,0.1
Executives - Share product or technical knowledge,0.5,0.1,0.5,0.5,0.7,0.5,0.5,0.7,0.2,0.1,0.5,0.9,0.5,0.5,0.5,0.1,0.1,0.1,0.3,0.3,0.1,0.3,0.1,0.5,0.1,0.2,0.2,0.1,0.1,0.1
Executives - Speak with product or technical experts,0.5,0.1,0.5,0.5,0.7,0.5,0.5,0.7,0.2,0.1,0.5,0.9,0.5,0.5,0.5,0.1,0.1,0.1,0.3,0.3,0.1,0.3,0.1,0.5,0.1,0.2,0.2,0.1,0.1,0.1
Executives - Explore work & other partnerships,0.6,0.2,0.6,0.6,0.7,0.5,0.6,0.7,0.3,0.2,0.6,0.9,0.6,0.6,0.6,0.2,0.2,0.1,0.2,0.2,0.2,0.2,0.2,0.4,0.2,0.3,0.3,0.2,0.2,0.2
Executives - Acquire customers,0.6,0.2,0.6,0.6,0.7,0.5,0.6,0.7,0.3,0.2,0.6,0.9,0.6,0.6,0.6,0.2,0.2,0.1,0.2,0.2,0.2,0.2,0.2,0.4,0.2,0.3,0.3,0.2,0.2,0.2
Executives - Explore shared interests,0.5,0.2,0.6,0.5,0.7,0.4,0.5,0.7,0.2,0.2,0.6,0.9,0.5,0.5,0.5,0.2,0.2,0.1,0.3,0.3,0.2,0.3,0.2,0.5,0.2,0.2,0.2,0.2,0.2,0.2
Designers - Explore new perspectives,0.1,0.6,0.1,0.1,0.1,0.1,0.1,0.1,0.1,0.9,0.1,0.1,0.1,0.1,0.1,0.9,0.3,0.1,0.1,0.1,0.2,0.1,0.7,0.1,0.2,0.1,0.1,0.9,0.2,0.2
Designers - Meet Interesting People,0.2,0.5,0.2,0.2,0.2,0.2,0.2,0.2,0.2,0.9,0.2,0.2,0.2,0.2,0.2,0.9,0.3,0.1,0.2,0.2,0.3,0.2,0.6,0.2,0.3,0.2,0.2,0.9,0.3,0.3
Designers - Start a Company,0.2,0.6,0.2,0.2,0.2,0.2,0.2,0.2,0.2,0.9,0.2,0.2,0.2,0.2,0.2,0.9,0.3,0.1,0.2,0.2,0.2,0.2,0.7,0.2,0.2,0.2,0.2,0.9,0.2,0.2
Designers - Provide Job opportunities,0.1,0.6,0.1,0.1,0.1,0.1,0.1,0.1,0.1,0.8,0.1,0.1,0.1,0.1,0.1,0.8,0.4,0.1,0.1,0.1,0.2,0.1,0.6,0.1,0.3,0.1,0.1,0.8,0.3,0.3
Designers - Explore job opportunities,0.1,0.5,0.2,0.1,0.1,0.2,0.1,0.1,0.2,0.8,0.2,0.1,0.1,0.1,0.1,0.8,0.3,0.1,0.1,0.1,0.1,0.1,0.6,0.1,0.2,0.2,0.2,0.8,0.2,0.2
Designers - Invest in companies / make investor introductions,0.1,0.5,0.3,0.1,0.1,0.3,0.1,0.1,0.3,0.9,0.3,0.1,0.1,0.1,0.1,0.9,0.2,0.1,0.1,0.1,0.1,0.1,0.5,0.1,0.2,0.2,0.3,0.9,0.2,0.2
Designers - Make investor relations,0.1,0.4,0.1,0.1,0.1,0.1,0.1,0.1,0.1,0.8,0.1,0.1,0.1,0.1,0.1,0.8,0.2,0.1,0.1,0.1,0.1,0.1,0.4,0.1,0.1,0.1,0.1,0.8,0.1,0.1
Designers - Mentor others,0.1,0.5,0.1,0.1,0.1,0.1,0.1,0.1,0.1,0.8,0.1,0.1,0.1,0.1,0.1,0.8,0.2,0.1,0.1,0.1,0.2,0.1,0.4,0.1,0.2,0.1,0.1,0.8,0.2,0.2
Designers - Mentor people,0.1,0.5,0.1,0.1,0.1,0.1,0.1,0.1,0.1,0.8,0.1,0.1,0.1,0.1,0.1,0.8,0.2,0.1,0.1,0.1,0.2,0.1,0.4,0.1,0.2,0.1,0.1,0.8,0.2,0.2
Designers - Find a mentor,0.1,0.6,0.1,0.1,0.1,0.1,0.1,0.1,0.1,0.9,0.1,0.1,0.1,0.1,0.1,0.9,0.3,0.1,0.1,0.1,0.1,0.1,0.8,0.1,0.1,0.1,0.1,0.9,0.1,0.1
Designers - Share my industry expertise,0.1,0.5,0.1,0.1,0.1,0.1,0.1,0.1,0.1,0.8,0.1,0.1,0.1,0.1,0.1,0.8,0.2,0.1,0.1,0.1,0.2,0.1,0.4,0.1,0.2,0.1,0.1,0.8,0.2,0.2
Designers - Learn about specific industries,0.1,0.6,0.1,0.1,0.1,0.1,0.1,0.1,0.1,0.9,0.1,0.1,0.1,0.1,0.1,0.9,0.3,0.1,0.1,0.1,0.1,0.1,0.8,0.1,0.1,0.1,0.1,0.9,0.1,0.1
Designers - Share product or technical knowledge,0.1,0.5,0.1,0.1,0.1,0.1,0.1,0.1,0.1,0.8,0.1,0.1,0.1,0.1,0.1,0.8,0.2,0.1,0.1,0.1,0.2,0.1,0.4,0.1,0.2,0.1,0.1,0.8,0.2,0.2
Designers - Speak with product or technical experts,0.1,0.5,0.1,0.1,0.1,0.1,0.1,0.1,0.1,0.8,0.1,0.1,0.1,0.1,0.1,0.8,0.2,0.1,0.1,0.1,0.2,0.1,0.4,0.1,0.2,0.1,0.1,0.8,0.2,0.2
Designers - Explore work & other partnerships,0.2,0.6,0.1,0.2,0.2,0.1,0.2,0.2,0.1,0.9,0.1,0.2,0.2,0.2,0.2,0.9,0.3,0.1,0.2,0.2,0.1,0.2,0.7,0.2,0.2,0.1,0.1,0.9,0.2,0.2
Designers - Acquire customers,0.2,0.6,0.1,0.2,0.2,0.1,0.2,0.2,0.1,0.9,0.1,0.2,0.2,0.2,0.2,0.9,0.3,0.1,0.2,0.2,0.1,0.2,0.7,0.2,0.2,0.1,0.1,0.9,0.2,0.2
Designers - Explore shared interests,0.2,0.6,0.2,0.2,0.2,0.2,0.2,0.2,0.2,0.8,0.2,0.2,0.2,0.2,0.2,0.8,0.3,0.1,0.2,0.2,0.1,0.2,0.7,0.2,0.2,0.2,0.2,0.8,0.2,0.2
Influencers - Explore new perspectives,0.1,0.6,0.1,0.1,0.1,0.1,0.1,0.1,0.1,0.4,0.1,0.1,0.1,0.1,0.1,0.3,0.6,0.8,0.1,0.1,0.4,0.1,0.8,0.1,0.4,0.1,0.1,0.3,0.6,0.5
Influencers - Meet Interesting People,0.2,0.7,0.2,0.2,0.2,0.2,0.2,0.2,0.2,0.3,0.2,0.3,0.2,0.2,0.2,0.4,0.6,0.8,0.2,0.2,0.5,0.2,0.7,0.3,0.5,0.2,0.2,0.3,0.5,0.6
Influencers - Start a Company,0.2,0.6,0.2,0.2,0.2,0.2,0.2,0.2,0.2,0.4,0.2,0.2,0.2,0.2,0.2,0.3,0.6,0.9,0.2,0.2,0.5,0.2,0.7,0.2,0.5,0.2,0.2,0.5,0.7,0.4
Influencers - Provide Job opportunities,0.1,0.5,0.1,0.1,0.1,0.1,0.1,0.1,0.1,0.4,0.1,0.1,0.1,0.1,0.1,0.5,0.7,0.8,0.1,0.1,0.4,0.1,0.6,0.1,0.4,0.1,0.1,0.6,0.6,0.6
Influencers - Explore job opportunities,0.1,0.5,0.2,0.1,0.1,0.2,0.1,0.1,0.2,0.5,0.2,0.1,0.1,0.1,0.1,0.4,0.6,0.8,0.1,0.1,0.3,0.1,0.7,0.1,0.3,0.2,0.2,0.2,0.5,0.4
Influencers - Invest in companies / make investor introductions,0.1,0.3,0.3,0.1,0.1,0.3,0.1,0.1,0.3,0.4,0.3,0.1,0.1,0.1,0.1,0.3,0.4,0.8,0.1,0.1,0.3,0.1,0.7,0.1,0.3,0.2,0.2,0.3,0.6,0.2
Influencers - Make investor relations,0.1,0.4,0.1,0.1,0.1,0.1,0.1,0.1,0.1,0.3,0.1,0.1,0.1,0.1,0.1,0.3,0.3,0.8,0.1,0.1,0.1,0.1,0.7,0.1,0.1,0.1,0.1,0.2,0.2,0.2
Influencers - Mentor others,0.1,0.5,0.1,0.1,0.1,0.1,0.1,0.1,0.1,0.3,0.1,0.1,0.1,0.1,0.1,0.3,0.6,0.8,0.1,0.1,0.3,0.1,0.7,0.1,0.3,0.1,0.1,0.2,0.5,0.4
Influencers - Mentor people,0.1,0.5,0.1,0.1,0.1,0.1,0.1,0.1,0.1,0.3,0.1,0.1,0.1,0.1,0.1,0.3,0.6,0.8,0.1,0.1,0.3,0.1,0.7,0.1,0.3,0.1,0.1,0.2,0.5,0.4
Influencers - Find a mentor,0.1,0.6,0.1,0.2,0.2,0.1,0.1,0.2,0.1,0.3,0.1,0.3,0.2,0.2,0.2,0.4,0.6,0.8,0.1,0.1,0.4,0.1,0.7,0.3,0.4,0.1,0.1,0.3,0.4,0.3
Influencers - Share my industry expertise,0.1,0.5,0.1,0.1,0.1,0.1,0.1,0.1,0.1,0.3,0.1,0.1,0.1,0.1,0.1,0.3,0.6,0.8,0.1,0.1,0.3,0.1,0.7,0.1,0.3,0.1,0.1,0.2,0.5,0.4
Influencers - Learn about specific industries,0.1,0.6,0.1,0.2,0.2,0.1,0.1,0.2,0.1,0.3,0.1,0.3,0.2,0.2,0.2,0.4,0.6,0.8,0.1,0.1,0.4,0.1,0.7,0.3,0.4,0.1,0.1,0.3,0.4,0.3
Influencers - Share product or technical knowledge,0.1,0.5,0.1,0.1,0.1,0.1,0.1,0.1,0.1,0.3,0.1,0.1,0.1,0.1,0.1,0.3,0.6,0.8,0.1,0.1,0.3,0.1,0.7,0.1,0.3,0.1,0.1,0.2,0.5,0.4
Influencers - Speak with product or technical experts,0.1,0.5,0.1,0.1,0.1,0.1,0.1,0.1,0.1,0.3,0.1,0.1,0.1,0.1,0.1,0.3,0.6,0.8,0.1,0.1,0.3,0.1,0.7,0.1,0.3,0.1,0.1,0.2,0.5,0.4
Influencers - Explore work & other partnerships,0.2,0.7,0.1,0.2,0.2,0.1,0.2,0.2,0.1,0.3,0.1,0.2,0.2,0.2,0.2,0.3,0.6,0.8,0.2,0.2,0.4,0.2,0.8,0.2,0.4,0.1,0.1,0.2,0.6,0.4
Influencers - Acquire customers,0.2,0.7,0.1,0.2,0.2,0.1,0.2,0.2,0.1,0.3,0.1,0.2,0.2,0.2,0.2,0.3,0.6,0.8,0.2,0.2,0.4,0.2,0.8,0.2,0.4,0.1,0.1,0.2,0.6,0.4
Influencers - Explore shared interests,0.2,0.6,0.2,0.2,0.2,0.2,0.2,0.2,0.2,0.3,0.2,0.2,0.2,0.2,0.2,0.3,0.6,0.8,0.2,0.2,0.3,0.2,0.7,0.2,0.3,0.2,0.2,0.2,0.5,0.6
Designers & Marketers - Explore new perspectives,0.1,0.8,0.1,0.1,0.1,0.1,0.1,0.1,0.1,0.6,0.1,0.1,0.1,0.1,0.1,0.5,0.7,0.3,0.1,0.1,0.4,0.1,0.9,0.1,0.8,0.1,0.1,0.8,0.6,0.5
Designers & Marketers - Meet Interesting People,0.2,0.8,0.2,0.2,0.2,0.2,0.2,0.2,0.2,0.7,0.2,0.3,0.2,0.2,0.2,0.6,0.7,0.3,0.2,0.2,0.5,0.2,0.9,0.3,0.7,0.2,0.2,0.8,0.5,0.6
Designers & Marketers - Start a Company,0.2,0.8,0.2,0.2,0.2,0.2,0.2,0.2,0.2,0.6,0.2,0.2,0.2,0.2,0.2,0.5,0.7,0.4,0.2,0.2,0.5,0.2,0.9,0.2,0.8,0.2,0.2,0.7,0.7,0.4
Designers & Marketers - Provide Job opportunities,0.1,0.7,0.1,0.1,0.1,0.1,0.1,0.1,0.1,0.7,0.1,0.1,0.1,0.1,0.1,0.6,0.8,0.3,0.1,0.1,0.4,0.1,0.8,0.1,0.7,0.1,0.1,0.8,0.6,0.6
Designers & Marketers - Explore job opportunities,0.1,0.7,0.2,0.1,0.1,0.2,0.1,0.1,0.2,0.6,0.2,0.1,0.1,0.1,0.1,0.5,0.7,0.1,0.1,0.1,0.3,0.1,0.9,0.1,0.7,0.2,0.2,0.8,0.5,0.4
Designers & Marketers - Invest in companies / make investor introductions,0.1,0.8,0.3,0.1,0.1,0.3,0.1,0.1,0.3,0.6,0.3,0.1,0.1,0.1,0.1,0.5,0.5,0.1,0.1,0.1,0.3,0.1,0.9,0.1,0.7,0.2,0.2,0.8,0.6,0.2
Designers & Marketers - Make investor relations,0.1,0.7,0.1,0.1,0.1,0.1,0.1,0.1,0.1,0.5,0.1,0.1,0.1,0.1,0.1,0.5,0.4,0.1,0.1,0.1,0.1,0.1,0.8,0.1,0.7,0.1,0.1,0.8,0.2,0.2
Designers & Marketers - Mentor others,0.1,0.7,0.1,0.1,0.1,0.1,0.1,0.1,0.1,0.6,0.1,0.1,0.1,0.1,0.1,0.6,0.7,0.4,0.1,0.1,0.3,0.1,0.8,0.1,0.7,0.1,0.1,0.8,0.5,0.4
Designers & Marketers - Mentor people,0.1,0.7,0.1,0.1,0.1,0.1,0.1,0.1,0.1,0.6,0.1,0.1,0.1,0.1,0.1,0.6,0.7,0.4,0.1,0.1,0.3,0.1,0.8,0.1,0.7,0.1,0.1,0.8,0.5,0.4
Designers & Marketers - Find a mentor,0.1,0.8,0.1,0.2,0.2,0.1,0.1,0.2,0.1,0.7,0.1,0.3,0.2,0.2,0.2,0.5,0.7,0.3,0.1,0.1,0.4,0.1,0.9,0.3,0.7,0.1,0.1,0.8,0.4,0.3
Designers & Marketers - Share my industry expertise,0.1,0.7,0.1,0.1,0.1,0.1,0.1,0.1,0.1,0.6,0.1,0.1,0.1,0.1,0.1,0.6,0.7,0.4,0.1,0.1,0.3,0.1,0.8,0.1,0.7,0.1,0.1,0.8,0.5,0.4
Designers & Marketers - Learn about specific industries,0.1,0.8,0.1,0.2,0.2,0.1,0.1,0.2,0.1,0.7,0.1,0.3,0.2,0.2,0.2,0.5,0.7,0.3,0.1,0.1,0.4,0.1,0.9,0.3,0.7,0.1,0.1,0.8,0.4,0.3
Designers & Marketers - Share product or technical knowledge,0.1,0.7,0.1,0.1,0.1,0.1,0.1,0.1,0.1,0.6,0.1,0.1,0.1,0.1,0.1,0.6,0.7,0.4,0.1,0.1,0.3,0.1,0.8,0.1,0.7,0.1,0.1,0.8,0.5,0.4
Designers & Marketers - Speak with product or technical experts,0.1,0.7,0.1,0.1,0.1,0.1,0.1,0.1,0.1,0.6,0.1,0.1,0.1,0.1,0.1,0.6,0.7,0.4,0.1,0.1,0.3,0.1,0.8,0.1,0.7,0.1,0.1,0.8,0.5,0.4
Designers & Marketers - Explore work & other partnerships,0.2,0.8,0.1,0.2,0.2,0.1,0.2,0.2,0.1,0.7,0.1,0.2,0.2,0.2,0.2,0.5,0.7,0.2,0.2,0.2,0.4,0.2,0.9,0.2,0.7,0.1,0.1,0.7,0.6,0.4
Designers & Marketers - Acquire customers,0.2,0.8,0.1,0.2,0.2,0.1,0.2,0.2,0.1,0.7,0.1,0.2,0.2,0.2,0.2,0.5,0.7,0.2,0.2,0.2,0.4,0.2,0.9,0.2,0.7,0.1,0.1,0.7,0.6,0.4
Designers & Marketers - Explore shared interests,0.2,0.7,0.2,0.2,0.2,0.2,0.2,0.2,0.2,0.6,0.2,0.2,0.2,0.2,0.2,0.5,0.7,0.3,0.2,0.2,0.3,0.2,0.9,0.2,0.7,0.2,0.2,0.8,0.5,0.6