Tags,Accountant,Brand Advisor,CEO,CFA,CFO,Co-founder,Company Secretary,COO,CTO,Designer,Entrepreneur,Executive,Finance Specialist,Financial Advisor,Financial Analyst,Graphic Designer,Growth hacker,Influencer,Investment fund,Investor,Journalist,Lawyer,Marketing Agency,Professional,Sales Specialist,Software Engineer,Startup,UI/UX Designer,Videographer,Writer,,Associate,Board Member,Consultant,Director,Intern,Manager,Owner,Partner,President,Principal,Vice President
Accountant,0.2,0.3,0.8,0.2,0.7,0.8,0.3,0.5,0.4,0.4,0.8,0.6,0.3,0.3,0.3,0.4,0.2,0.1,0.3,0.3,0.3,0.4,0.4,0.5,0.5,0.4,0.5,0.4,0.3,0.2,,0.6,0.7,0.7,0.6,0.2,0.5,0.8,0.8,0.8,0.8,0.8
Brand Advisor,0.4,0.2,0.9,0.3,0.4,0.9,0.3,0.3,0.2,0.6,0.8,0.7,0.3,0.3,0.3,0.5,0.2,0.3,0.4,0.4,0.6,0.3,0.5,0.4,0.3,0.3,0.7,0.5,0.4,0.4,,0.6,0.7,0.7,0.6,0.2,0.5,0.8,0.8,0.8,0.8,0.8
CEO,0.2,0.3,0.9,0.5,0.8,0.9,0.2,0.8,0.8,0.5,0.8,0.7,0.5,0.5,0.4,0.5,0.2,0.1,0.9,0.9,0.4,0.3,0.4,0.5,0.4,0.6,0.7,0.6,0.4,0.3,,0.5,0.9,0.6,0.8,0.2,0.4,0.7,0.8,0.9,0.9,0.9
CFA,0.2,0.3,0.8,0.2,0.8,0.8,0.3,0.5,0.4,0.4,0.8,0.7,0.4,0.4,0.3,0.4,0.2,0.1,0.3,0.3,0.3,0.4,0.4,0.5,0.5,0.4,0.7,0.4,0.3,0.2,,0.6,0.8,0.7,0.6,0.2,0.5,0.8,0.8,0.9,0.9,0.9
CFO,0.2,0.3,0.8,0.6,0.9,0.8,0.2,0.8,0.8,0.5,0.8,0.7,0.6,0.6,0.5,0.4,0.1,0.1,0.8,0.8,0.4,0.3,0.3,0.5,0.4,0.5,0.6,0.5,0.4,0.3,,0.5,0.9,0.6,0.8,0.2,0.4,0.7,0.8,0.9,0.9,0.9
Co-founder,0.2,0.3,0.9,0.5,0.8,0.9,0.2,0.8,0.8,0.5,0.8,0.7,0.5,0.5,0.4,0.5,0.2,0.1,0.9,0.9,0.4,0.3,0.4,0.5,0.4,0.6,0.7,0.6,0.4,0.3,,0.5,0.9,0.6,0.8,0.2,0.4,0.7,0.8,0.9,0.9,0.9
Company Secretary,0.2,0.3,0.8,0.2,0.7,0.8,0.3,0.5,0.4,0.4,0.8,0.6,0.3,0.3,0.3,0.4,0.2,0.1,0.3,0.3,0.3,0.4,0.4,0.5,0.5,0.4,0.5,0.4,0.3,0.2,,0.6,0.7,0.7,0.6,0.2,0.5,0.8,0.8,0.9,0.9,0.9
COO,0.2,0.3,0.8,0.5,0.8,0.8,0.2,0.8,0.9,0.5,0.8,0.7,0.5,0.5,0.4,0.5,0.1,0.1,0.8,0.8,0.3,0.2,0.3,0.4,0.4,0.5,0.7,0.5,0.4,0.3,,0.5,0.8,0.6,0.8,0.2,0.4,0.7,0.8,0.9,0.9,0.9
CTO,0.2,0.3,0.8,0.6,0.9,0.8,0.2,0.8,0.9,0.5,0.8,0.6,0.4,0.4,0.4,0.4,0.1,0.1,0.8,0.8,0.2,0.2,0.2,0.4,0.4,0.7,0.6,0.6,0.4,0.3,,0.5,0.8,0.6,0.8,0.2,0.4,0.7,0.8,0.8,0.8,0.8
Designer,0.3,0.2,0.9,0.3,0.4,0.9,0.3,0.3,0.2,0.4,0.8,0.7,0.3,0.3,0.3,0.3,0.3,0.3,0.4,0.4,0.3,0.3,0.6,0.4,0.3,0.3,0.7,0.5,0.4,0.4,,0.6,0.7,0.7,0.6,0.2,0.5,0.8,0.8,0.8,0.8,0.8
Entrepreneur,0.3,0.5,0.9,0.6,0.8,0.9,0.5,0.8,0.8,0.5,0.8,0.7,0.5,0.5,0.4,0.6,0.3,0.1,0.9,0.9,0.4,0.3,0.4,0.5,0.4,0.6,0.7,0.6,0.4,0.3,,0.5,0.9,0.6,0.8,0.2,0.4,0.7,0.8,0.9,0.9,0.9
Executive,0.2,0.3,0.8,0.6,0.9,0.8,0.2,0.9,0.8,0.2,0.7,0.8,0.6,0.6,0.5,0.2,0.1,0.1,0.5,0.6,0.3,0.4,0.4,0.5,0.3,0.5,0.6,0.4,0.3,0.2,,0.6,0.9,0.6,0.8,0.2,0.5,0.7,0.8,0.9,0.9,0.9
Finance Specialist,0.2,0.3,0.7,0.2,0.8,0.8,0.3,0.5,0.4,0.4,0.8,0.7,0.2,0.4,0.3,0.4,0.2,0.1,0.3,0.3,0.3,0.4,0.4,0.5,0.5,0.4,0.8,0.4,0.3,0.2,,0.6,0.8,0.7,0.6,0.2,0.5,0.8,0.8,0.8,0.8,0.8
Financial Advisor,0.2,0.3,0.7,0.2,0.8,0.8,0.3,0.5,0.4,0.4,0.8,0.7,0.4,0.2,0.3,0.4,0.2,0.1,0.3,0.3,0.3,0.4,0.4,0.5,0.5,0.4,0.8,0.4,0.3,0.2,,0.6,0.8,0.7,0.6,0.2,0.5,0.8,0.8,0.8,0.8,0.8
Financial Analyst,0.2,0.3,0.7,0.2,0.8,0.8,0.3,0.5,0.4,0.4,0.8,0.7,0.4,0.4,0.3,0.4,0.2,0.1,0.3,0.3,0.3,0.4,0.4,0.5,0.5,0.4,0.8,0.4,0.3,0.2,,0.6,0.8,0.7,0.6,0.2,0.5,0.8,0.8,0.8,0.8,0.8
Graphic Designer,0.3,0.2,0.9,0.3,0.4,0.9,0.3,0.3,0.2,0.4,0.8,0.7,0.3,0.3,0.3,0.3,0.3,0.3,0.4,0.4,0.3,0.3,0.6,0.4,0.3,0.3,0.7,0.5,0.4,0.4,,0.6,0.7,0.7,0.6,0.2,0.5,0.8,0.8,0.8,0.8,0.8
Growth hacker,0.3,0.2,0.9,0.3,0.4,0.9,0.3,0.3,0.2,0.6,0.8,0.7,0.3,0.3,0.3,0.5,0.2,0.5,0.4,0.4,0.6,0.3,0.6,0.4,0.5,0.3,0.7,0.5,0.4,0.4,,0.6,0.7,0.7,0.6,0.2,0.5,0.8,0.8,0.8,0.8,0.8
Influencer,0.3,0.2,0.9,0.3,0.4,0.9,0.3,0.3,0.2,0.6,0.8,0.7,0.3,0.3,0.3,0.5,0.5,0.4,0.4,0.4,0.3,0.3,0.6,0.4,0.3,0.3,0.7,0.5,0.4,0.4,,0.6,0.7,0.7,0.6,0.2,0.5,0.8,0.8,0.8,0.8,0.8
Investment fund,0.2,0.2,0.9,0.3,0.8,0.9,0.2,0.8,0.8,0.2,0.7,0.5,0.3,0.3,0.3,0.2,0.1,0.1,0.5,0.7,0.3,0.2,0.2,0.3,0.2,0.4,0.7,0.3,0.1,0.2,,0.5,0.9,0.5,0.8,0.2,0.4,0.9,0.8,0.9,0.9,0.8
Investor,0.2,0.2,0.9,0.3,0.9,0.9,0.2,0.8,0.8,0.2,0.7,0.5,0.3,0.3,0.2,0.2,0.1,0.1,0.7,0.6,0.2,0.2,0.1,0.3,0.1,0.4,0.7,0.2,0.1,0.2,,0.5,0.9,0.4,0.8,0.1,0.4,0.9,0.8,0.9,0.9,0.8
Journalist,0.2,0.3,0.9,0.4,0.9,0.9,0.2,0.8,0.8,0.3,0.8,0.8,0.3,0.3,0.4,0.3,0.3,0.2,0.3,0.5,0.2,0.3,0.3,0.4,0.4,0.4,0.7,0.2,0.5,0.4,,0.6,0.8,0.7,0.8,0.2,0.5,0.8,0.9,0.9,0.8,0.8
Lawyer,0.2,0.3,0.8,0.2,0.7,0.8,0.3,0.5,0.4,0.4,0.8,0.6,0.3,0.3,0.3,0.4,0.2,0.1,0.3,0.3,0.3,0.2,0.4,0.5,0.5,0.4,0.5,0.4,0.3,0.2,,0.6,0.7,0.7,0.6,0.2,0.5,0.8,0.8,0.8,0.8,0.8
Marketing Agency,0.3,0.2,0.9,0.3,0.4,0.9,0.3,0.3,0.2,0.6,0.8,0.7,0.3,0.3,0.3,0.5,0.2,0.5,0.4,0.4,0.6,0.3,0.6,0.4,0.5,0.3,0.7,0.5,0.4,0.4,,0.6,0.7,0.7,0.6,0.2,0.5,0.8,0.8,0.8,0.8,0.8
Professional,0.2,0.3,0.8,0.6,0.9,0.8,0.2,0.9,0.8,0.3,0.7,0.8,0.4,0.4,0.4,0.2,0.2,0.1,0.3,0.3,0.3,0.4,0.3,0.6,0.3,0.5,0.6,0.4,0.3,0.2,,0.6,0.9,0.6,0.8,0.2,0.5,0.7,0.8,0.9,0.9,0.9
Sales Specialist,0.4,0.2,0.9,0.3,0.4,0.9,0.3,0.3,0.2,0.6,0.8,0.7,0.3,0.3,0.3,0.5,0.2,0.6,0.4,0.4,0.6,0.3,0.6,0.4,0.5,0.3,0.7,0.5,0.4,0.4,,0.6,0.7,0.7,0.6,0.2,0.5,0.8,0.8,0.8,0.8,0.8
Software Engineer,0.2,0.2,0.8,0.2,0.6,0.7,0.2,0.6,0.9,0.4,0.6,0.6,0.2,0.2,0.2,0.4,0.2,0.1,0.3,0.4,0.3,0.2,0.2,0.5,0.2,0.7,0.8,0.5,0.2,0.2,,0.5,0.7,0.5,0.7,0.2,0.5,0.8,0.8,0.8,0.8,0.8
Startup,0.4,0.5,0.9,0.6,0.8,0.9,0.4,0.8,0.8,0.5,0.8,0.7,0.5,0.5,0.4,0.6,0.4,0.1,0.8,0.8,0.4,0.3,0.4,0.5,0.4,0.6,0.7,0.6,0.4,0.3,,0.5,0.9,0.6,0.8,0.2,0.4,0.7,0.8,0.9,0.9,0.9
UI/UX Designer,0.4,0.2,0.9,0.3,0.4,0.9,0.3,0.3,0.6,0.4,0.8,0.7,0.3,0.3,0.3,0.3,0.3,0.3,0.4,0.4,0.3,0.3,0.4,0.5,0.3,0.5,0.7,0.6,0.3,0.3,,0.6,0.7,0.7,0.6,0.2,0.5,0.8,0.8,0.8,0.8,0.8
Videographer,0.2,0.3,0.8,0.4,0.6,0.8,0.2,0.6,0.5,0.3,0.8,0.7,0.3,0.3,0.4,0.3,0.3,0.2,0.3,0.3,0.5,0.3,0.3,0.4,0.4,0.4,0.7,0.2,0.2,0.4,,0.6,0.8,0.7,0.8,0.2,0.5,0.8,0.9,0.9,0.8,0.8
Writer,0.2,0.3,0.8,0.4,0.7,0.7,0.2,0.6,0.7,0.3,0.8,0.8,0.3,0.3,0.4,0.3,0.3,0.2,0.3,0.5,0.6,0.3,0.3,0.4,0.4,0.4,0.7,0.2,0.5,0.5,,0.6,0.8,0.7,0.8,0.2,0.5,0.8,0.9,0.9,0.8,0.8
Associate,,,,,,,,,,,,,,,,,,,,,,,,,,,,,,,,,,,,,,,,,,
Board Member,,,,,,,,,,,,,,,,,,,,,,,,,,,,,,,,,,,,,,,,,,
Consultant,,,,,,,,,,,,,,,,,,,,,,,,,,,,,,,,,,,,,,,,,,
Director,,,,,,,,,,,,,,,,,,,,,,,,,,,,,,,,,,,,,,,,,,
Intern,,,,,,,,,,,,,,,,,,,,,,,,,,,,,,,,,,,,,,,,,,
Manager,,,,,,,,,,,,,,,,,,,,,,,,,,,,,,,,,,,,,,,,,,
Owner,,,,,,,,,,,,,,,,,,,,,,,,,,,,,,,,,,,,,,,,,,
Partner,,,,,,,,,,,,,,,,,,,,,,,,,,,,,,,,,,,,,,,,,,
President,,,,,,,,,,,,,,,,,,,,,,,,,,,,,,,,,,,,,,,,,,
Principal,,,,,,,,,,,,,,,,,,,,,,,,,,,,,,,,,,,,,,,,,,
Vice President,,,,,,,,,,,,,,,,,,,,,,,,,,,,,,,,,,,,,,,,,,