Manufacturer,Model,Price Display,Price
Xiaomi,Redmi Note 4,"5,000.00",5000
TCL,5099I,"5,000.00",5000
samsung,SM-A260G,"5,199.00",5199
LENOVO,Lenovo A2010-a,"5,490.00",5490
motorola,Moto E (4) Plus,"5,999.00",5999
TECNO,TECNO IN5,"6,000.00",6000
vivo,vivo 1601,"6,000.00",6000
motorola,Moto C Plus,"6,900.00",6900
Xiaomi,Redmi 8A Dual,"7,000.00",7000
Realme,RMX1941,"7,500.00",7500
OPPO,CPH1923,"7,500.00",7500
samsung,SM-M013F,"7,999.00",7999
motorola,XT1706,"7,999.00",7999
Xiaomi,Redmi 5,"8,000.00",8000
vivo,vivo 1815,"9,000.00",9000
Xiaomi,Redmi Y2,"9,000.00",9000
samsung,SM-J600G,"9,490.00",9490
vivo,vivo 1904,"9,900.00",9900
samsung,SM-M015G,"9,999.00",9999
samsung,SM-J250F,"6,799.00",6799
Xiaomi,Redmi 6A,"7,000.00",7000
Micromax,B5Pro,"8,000.00",8000
OPPO,CPH1859,"9,000.00",9000
samsung,SM-M205F,"9,990.00",9990
INFINIX MOBILITY LIMITED,Infinix X652B,"9,999.00",9999
motorola,XT1635-02,"7,999.00",7999
Xiaomi,MI MAX 2,"9,000.00",9000
Xiaomi,Redmi 6,"7,000.00",7000
OPPO,A37f,"8,000.00",8000
Cellecor,S3,"1,000.00",1000
Micromax,Micromax Q402+,"2,615.00",2615
motorola,MotoG3,"3,000.00",3000
mobiistar,C1 Lite,"3,000.00",3000
ZIOX,Duotel_D1,"3,000.00",3000
Xiaomi,2014818,"3,500.00",3500
LAVA,Z50,"3,999.00",3999
samsung,GT-I9082,"4,000.00",4000
MITO,MITO_A37_Z1,"4,000.00",4000
LYF,LS-5017,"4,000.00",4000
LAVA,LN9910,"4,000.00",4000
Micromax,Micromax Q4002,"4,600.00",4600
YU,YU5014,"4,896.00",4896
YU,YU5530,"4,896.00",4896
Lenovo,Lenovo L18021,"4,990.00",4990
Micromax,Micromax Q4101,"4,990.00",4990
samsung,SM-J320F,"4,999.00",4999
Xiaomi,Redmi 4,"5,000.00",5000
Xiaomi,Redmi 3S,"5,000.00",5000
HMD Global,Nokia 2,"5,000.00",5000
HMD Global,Nokia 1,"5,000.00",5000
Xiaomi,Redmi 4A,"5,000.00",5000
PANASONIC,P100,"5,000.00",5000
Cellecor,S2,"5,000.00",5000
itel,itel L5002P,"5,000.00",5000
GIONEE,GIONEE F205,"5,000.00",5000
Xiaomi,Redmi Go,"5,000.00",5000
OPPO,F1f,"5,000.00",5000
itel,itel A45,"5,000.00",5000
GIONEE,P7 Max,"5,000.00",5000
GIONEE,GIONEE MAX,"5,000.00",5000
GIONEE,GIONEE F205 Pro,"5,000.00",5000
itel,itel A23R,"5,000.00",5000
GIONEE,A1 lite,"5,000.00",5000
itel,itel L5002,"5,000.00",5000
Coolpad,CP8298_I00,"5,000.00",5000
Lava,A76Plus,"5,000.00",5000
COMIO,COMIO S1,"5,000.00",5000
motorola,Moto Z2 Play,"5,199.00",5199
mobiistar,mobiistar,"5,325.00",5325
LAVA,Z1,"5,499.00",5499
LENOVO,Lenovo A6020a46,"5,990.00",5990
Xiaomi,Redmi Note 5,"6,000.00",6000
OPPO,A1601,"6,000.00",6000
alps,K1000,"6,000.00",6000
ITEL MOBILE LIMITED,itel L6006,"6,000.00",6000
itel,itel L6502,"6,000.00",6000
Realme,RMX1945,"6,000.00",6000
TECNO MOBILE LIMITED,TECNO KC1,"6,000.00",6000
vivo,vivo 1606,"6,000.00",6000
Xiaomi,HM NOTE 1S,"6,000.00",6000
Xiaomi,Redmi Y1 Lite,"6,000.00",6000
itel,itel L5503,"6,000.00",6000
motorola,Moto C,"6,000.00",6000
Micromax,ione,"6,000.00",6000
iBall Slide,Snap 4G2,"6,000.00",6000
samsung,SM-J260G,"6,190.00",6190
samsung,SM-J260GU,"6,190.00",6190
INFINIX MOBILITY LIMITED,Infinix X612B,"6,499.00",6499
samsung,SM-M022G,"6,799.00",6799
LENOVO,Lenovo K33a42,"6,880.00",6880
Lenovo,Lenovo L38043,"6,990.00",6990
motorola,moto e5 play,"6,999.00",6999
LENOVO,Lenovo A6020a40,"6,999.00",6999
Xiaomi,M2006C3LI,"7,000.00",7000
asus,ASUS_X00RD,"7,000.00",7000
HMD Global,Nokia 3.1,"7,000.00",7000
Xiaomi,Redmi Y1,"7,000.00",7000
Xiaomi,Redmi 8A,"7,000.00",7000
HMD Global,Nokia C3,"7,000.00",7000
itel,itel L6005,"7,000.00",7000
TECNO MOBILE LIMITED,TECNO BB4k,"7,000.00",7000
OPPO,RMX1811,"7,000.00",7000
samsung,SM-M025F,"7,000.00",7000
HMD Global,Nokia 3.1 Plus,"7,000.00",7000
Intex,Cloud S9,"7,000.00",7000
Hipstreet,LS-5507,"7,000.00",7000
OPPO,CPH1609,"7,000.00",7000
LYF,LS-5201,"7,000.00",7000
TECNO,TECNO i3,"7,000.00",7000
10or,G,"7,000.00",7000
mobiistar,E1 Selfie,"7,000.00",7000
HUAWEI,DRA-LX5,"7,000.00",7000
HMD Global,Nokia 2.3,"7,000.00",7000
Micromax,Micromax Q426,"7,100.00",7100
motorola,Moto G (5S),"7,350.00",7350
LENOVO,Lenovo K50a40,"7,399.00",7399
samsung,SM-J200G,"7,400.00",7400
LENOVO,Lenovo K8 Plus,"7,499.00",7499
lenovo,Lenovo K8 Note,"7,499.00",7499
Coolpad,1826-I01,"7,500.00",7500
samsung,SM-J500F,"7,990.00",7990
samsung,SM-J510FN,"7,990.00",7990
samsung,SM-A105F,"7,999.00",7999
INFINIX MOBILITY LIMITED,Infinix X5515I,"7,999.00",7999
Micromax,Micromax Q4310,"7,999.00",7999
INFINIX MOBILITY LIMITED,Infinix X680D,"7,999.00",7999
motorola,XT1663,"7,999.00",7999
LENOVO,Lenovo A7010a48,"7,999.00",7999
INFINIX MOBILITY LIMITED,Infinix X627V,"7,999.00",7999
motorola,moto e(6s),"7,999.00",7999
vivo,vivo 1820,"8,000.00",8000
OPPO,CPH1803,"8,000.00",8000
HMD Global,Nokia 2.2,"8,000.00",8000
Xiaomi,Redmi 7A,"8,000.00",8000
Xiaomi,Redmi 5A,"8,000.00",8000
OPPO,CPH1717,"8,000.00",8000
realme,RMX2185,"8,000.00",8000
vivo,vivo 1610,"8,000.00",8000
Xiaomi,Redmi 5 Plus,"8,000.00",8000
Realme,RMX1827,"8,000.00",8000
asus,Zenfone Max Pro M1,"8,000.00",8000
Xiaomi,Redmi 7,"8,000.00",8000
vivo,vivo 1816,"8,000.00",8000
vivo,vivo 1908,"8,000.00",8000
vivo,vivo 1801,"8,000.00",8000
Xiaomi,M2006C3LII,"8,000.00",8000
TECNO MOBILE LIMITED,TECNO KE5,"8,000.00",8000
TECNO MOBILE LIMITED,TECNO KE6,"8,000.00",8000
TECNO MOBILE LIMITED,TECNO KB2,"8,000.00",8000
vivo,vivo 1814,"8,000.00",8000
Micromax,ione note,"8,000.00",8000
OPPO,A37fw,"8,000.00",8000
HMD Global,Nokia 3.2,"8,000.00",8000
vivo,vivo 2015,"8,000.00",8000
LGE,LG-K520,"8,000.00",8000
TECNO MOBILE LIMITED,TECNO KE5k,"8,000.00",8000
TECNO MOBILE LIMITED,TECNO KC1j,"8,000.00",8000
itel,itel S41,"8,000.00",8000
vivo,vivo 1611,"8,000.00",8000
TECNO MOBILE LIMITED,TECNO KB3,"8,000.00",8000
realme,RMX3171,"8,000.00",8000
samsung,SM-J415F,"8,243.00",8243
samsung,SM-A107F,"8,290.00",8290
motorola,moto e(7) power,"8,299.00",8299
samsung,SM-M115F,"8,999.00",8999
motorola,Moto G Play,"8,999.00",8999
Xiaomi,Redmi Note 7S,"9,000.00",9000
OPPO,RMX1805,"9,000.00",9000
TECNO MOBILE LIMITED,TECNO CE7,"9,000.00",9000
asus,ASUS_X00DDB,"9,000.00",9000
HMD Global,TA-1032,"9,000.00",9000
TECNO MOBILE LIMITED,TECNO KD7,"9,000.00",9000
Xiaomi,M2006C3MII,"9,000.00",9000
asus,ASUS_X00PD,"9,000.00",9000
Realme,RMX1831,"9,000.00",9000
OPPO,CPH1801,"9,000.00",9000
realme,RMX2189,"9,000.00",9000
Chino-e,VOTO V2i,"9,000.00",9000
OPPO,CPH1827,"9,000.00",9000
HUAWEI,DUA-AL00,"9,000.00",9000
vivo,vivo Y21L,"9,000.00",9000
TECNO MOBILE LIMITED,TECNO KD7h,"9,000.00",9000
TECNO MOBILE LIMITED,TECNO CB7,"9,000.00",9000
vivo,vivo Y51L,"9,000.00",9000
BBK,vivo Y27L,"9,000.00",9000
TECNO MOBILE LIMITED,TECNO KB2j,"9,000.00",9000
HUAWEI,TIT-AL00,"9,000.00",9000
vivo,vivo 1603,"9,000.00",9000
LAVA,Z90,"9,099.00",9099
vivo,vivo 1906,"9,490.00",9490
INFINIX MOBILITY LIMITED,Infinix X682B,"9,499.00",9499
samsung,SM-J210F,"9,750.08",9750
samsung,SM-M107F,"9,819.00",9819
samsung,SM-M105F,"9,819.00",9819
INFINIX MOBILITY LIMITED,Infinix X650C,"9,999.00",9999
INFINIX MOBILITY LIMITED,Infinix X655D,"9,999.00",9999
INFINIX MOBILITY LIMITED,Infinix X573,"9,999.00",9999
motorola,moto g(10) power,"9,999.00",9999
HMD Global,Nokia 6.1 Plus,"10,000.00",10000
vivo,vivo 1718,"10,000.00",10000
Xiaomi,Redmi Note 7,"10,000.00",10000
Xiaomi,M2004J19C,"10,000.00",10000
OPPO,CPH1729,"10,000.00",10000
samsung,SM-M305F,"10,800.00",10800
ZUK,ZUK Z2132,"10,999.00",10999
HMD Global,Nokia 7.1,"11,000.00",11000
Xiaomi,Redmi Note 8 Pro,"11,000.00",11000
Xiaomi,Redmi Note 6 Pro,"11,000.00",11000
samsung,SM-A205F,"11,490.00",11490
Xiaomi,Redmi Note 5 Pro,"12,000.00",12000
Xiaomi,Redmi Note 8,"12,000.00",12000
Xiaomi,M2010J19SI,"12,000.00",12000
samsung,SM-M215F,"12,499.00",12499
OPPO,CPH1901,"13,000.00",13000
OPPO,RMX1801,"13,000.00",13000
OPPO,CPH1853,"13,000.00",13000
asus,ASUS_X00TD,"13,000.00",13000
Xiaomi,Redmi Note 7 Pro,"14,000.00",14000
vivo,vivo 1802,"14,000.00",14000
Xiaomi,M2101K7AI,"14,000.00",14000
realme,RMX2151,"15,000.00",15000
Xiaomi,POCO F1,"15,000.00",15000
OnePlus,ONE E1003,"15,000.00",15000
Xiaomi,M2003J15SC,"15,000.00",15000
samsung,SM-G615F,"15,000.00",15000
samsung,SM-J610F,"15,000.00",15000
Google,Pixel 2,"15,000.00",15000
OPPO,CPH1909,"15,000.00",15000
HUAWEI,LLD-AL10,"15,000.00",15000
OPPO,CPH2127,"10,000.00",10000
Realme,RMX1825,"10,000.00",10000
HMD Global,Nokia 7 plus,"12,000.00",12000
HMD Global,Nokia 5.1 Plus,"13,000.00",13000
Xiaomi,Mi A3,"13,000.00",13000
OPPO,CPH1969,"13,000.00",13000
Xiaomi,Redmi 6 Pro,"13,000.00",13000
OPPO,CPH1911,"14,000.00",14000
vivo,vivo 1806,"14,000.00",14000
realme,RMX1971,"14,000.00",14000
samsung,SM-A305F,"15,490.00",15490
Xiaomi,Redmi Note 9 Pro Max,"16,000.00",16000
motorola,moto g(8) plus,"13,000.00",13000
samsung,SM-F415F,"16,000.00",16000
HMD Global,Nokia 7.2,"13,000.00",13000
OPPO,PACT00,"14,000.00",14000
samsung,SM-A307FN,"16,300.00",16300
Xiaomi,Redmi Note 9 Pro,"13,000.00",13000
vivo,vivo 1907,"16,990.00",16990
samsung,SM-M315F,"16,999.00",16999
samsung,SM-J701F,"10,000.00",10000
realme,RMX2002,"13,000.00",13000
HMD Global,Nokia 6.2,"11,000.00",11000
motorola,moto e5 plus,"11,943.00",11943
samsung,SM-M305F,"12,499.00",12499
realme,RMX2193,"10,000.00",10000
motorola,moto g(6) plus,"12,000.00",12000
Xiaomi,Mi A2,"13,000.00",13000
Xiaomi,Redmi 8,"10,000.00",10000
HUAWEI,AUM-AL20,"10,000.00",10000
vivo,vivo 1726,"10,000.00",10000
HMD Global,Nokia 2.4,"10,000.00",10000
HUAWEI,BLN-L22,"10,000.00",10000
OPPO,CPH2185,"10,000.00",10000
HMD Global,Nokia 6.1,"10,000.00",10000
HMD Global,Nokia 4.2,"10,000.00",10000
Xiaomi,M2004J19PI,"10,000.00",10000
Xiaomi,M2006C3MI,"10,000.00",10000
GIONEE,GIONEE A1,"10,000.00",10000
motorola,moto g(8) power lite,"10,000.00",10000
Xiaomi,Redmi Y3,"10,000.00",10000
motorola,Moto G (5),"10,000.00",10000
vivo,V2052,"10,000.00",10000
GIONEE,A1 Plus,"10,000.00",10000
realme,RMX2050,"10,000.00",10000
samsung,GT-P5113,"10,000.00",10000
TECNO MOBILE LIMITED,TECNO IA5,"10,000.00",10000
realme,RMX2020,"10,000.00",10000
vivo,vivo 1812,"10,000.00",10000
realme,RMX2027,"10,000.00",10000
samsung,SM-G532G,"10,000.00",10000
TECNO MOBILE LIMITED,TECNO ID3k,"10,000.00",10000
samsung,GT-I9060I,"10,000.00",10000
TECNO MOBILE LIMITED,TECNO KE6j,"10,000.00",10000
vivo,vivo 1724,"10,000.00",10000
samsung,SM-G550FY,"10,000.00",10000
Xiaomi,HM NOTE 1LTE,"10,000.00",10000
Xiaomi,M2010J19CI,"10,000.00",10000
OPPO,CPH2137,"10,000.00",10000
samsung,SM-G531F,"10,000.00",10000
YuLong,Coolpad 3600I,"10,000.00",10000
samsung,SM-G530H,"10,000.00",10000
samsung,SM-G532F,"10,000.00",10000
samsung,SM-J710F,"10,000.00",10000
LAVA,Z91,"10,099.00",10099
Micromax,Micromax E455,"10,190.00",10190
Letv,Le X507,"10,499.00",10499
samsung,SM-J400F,"10,990.00",10990
vivo,vivo 1916,"10,999.00",10999
INFINIX MOBILITY LIMITED,Infinix X682C,"10,999.00",10999
motorola,MotoG3-TE,"10,999.00",10999
realme,RMX1925,"11,000.00",11000
vivo,vivo 1811,"11,000.00",11000
samsung,SM-G7102,"11,000.00",11000
realme,RMX2030,"11,000.00",11000
Xiaomi,MI MAX,"11,000.00",11000
Xiaomi,Redmi Note 3,"11,000.00",11000
OPPO,CPH1931,"11,000.00",11000
OPPO,CPH2083,"11,000.00",11000
samsung,SM-T285YD,"11,000.00",11000
Xiaomi,MI PLAY,"11,000.00",11000
TECNO MOBILE LIMITED,TECNO ID5a,"11,000.00",11000
Micromax,IN_Note1,"11,000.00",11000
samsung,SM-A207F,"11,490.00",11490
samsung,SM-A202F,"11,490.00",11490
TECNO MOBILE LIMITED,TECNO LD7j,"11,500.00",11500
samsung,SM-J700F,"11,700.00",11700
realme,RMX1911,"12,000.00",12000
OPPO,CPH2139,"12,000.00",12000
OPPO,CPH2015,"12,000.00",12000
HUAWEI,DUB-LX1,"12,000.00",12000
realme,RMX2103,"12,000.00",12000
realme,RMX2195,"12,000.00",12000
LENOVO,Lenovo A7020a48,"12,499.00",12499
vivo,vivo 1901,"12,900.00",12900
motorola,motorola one power,"12,990.00",12990
INFINIX MOBILITY LIMITED,Infinix X660,"12,999.00",12999
samsung,SM-E700H,"12,999.00",12999
INFINIX MOBILITY LIMITED,Infinix X655F,"12,999.00",12999
INFINIX MOBILITY LIMITED,Infinix X604B,"12,999.00",12999
motorola,moto g(30),"12,999.00",12999
Xiaomi,Mi A1,"13,000.00",13000
OPPO,CPH1809,"13,000.00",13000
vivo,vivo 1803,"13,000.00",13000
HUAWEI,BND-AL10,"13,000.00",13000
OPPO,CPH1938,"13,000.00",13000
samsung,SM-G570F,"13,000.00",13000
LGE,LM-X440IM,"13,000.00",13000
OPPO,CPH1881,"13,000.00",13000
GiONEE,M5_lite,"13,000.00",13000
asus,ASUS_X01AD,"13,000.00",13000
realme,RMX2180,"13,000.00",13000
OPPO,CPH1725,"13,000.00",13000
HMD Global,Nokia 8.1,"13,000.00",13000
Xiaomi,Redmi Note 9S,"13,000.00",13000
samsung,GT-I9300I,"13,000.00",13000
OPPO,CPH1613,"13,000.00",13000
Xiaomi,POCO M2 Pro,"13,000.00",13000
LENOVO,Lenovo TB-X606V,"13,999.00",13999
OPPO,CPH1933,"14,000.00",14000
OPPO,A33f,"14,000.00",14000
LGE,LM-Q730,"14,000.00",14000
vivo,vivo 1714,"14,000.00",14000
realme,RMX2040,"14,000.00",14000
HMD Global,TA-1053,"14,000.00",14000
HUAWEI,HRY-AL00,"14,000.00",14000
vivo,V2033,"14,000.00",14000
samsung,SM-M127G,"14,000.00",14000
motorola,Moto G (5) Plus,"14,999.00",14999
samsung,SM-A217F,"14,999.00",14999
vivo,vivo 1851,"14,999.00",14999
vivo,V2029,"17,000.00",17000
samsung,SM-G600FY,"17,500.00",17500
samsung,SM-M307F,"17,990.13",17990
HUAWEI,STK-L22,"18,000.00",18000
motorola,motorola one fusion+,"18,000.00",18000
Realme,RMX1901,"18,000.00",18000
vivo,vivo 2018,"18,000.00",18000
samsung,SM-A507FN,"18,570.00",18570
samsung,SM-A605G,"18,999.00",18999
samsung,SM-A505F,"20,000.00",20000
HUAWEI,COR-AL00,"20,000.00",20000
Xiaomi,M2007J20CI,"20,000.00",20000
Google,Pixel 2 XL,"15,000.00",15000
vivo,vivo 1915,"15,990.00",15990
motorola,Moto G (5S) Plus,"15,999.00",15999
HUAWEI,LLD-AL20,"16,000.00",16000
samsung,SM-J810G,"19,500.00",19500
vivo,vivo 1716,"21,000.00",21000
OPPO,CPH1823,"23,000.00",23000
realme,RMX3092,"15,000.00",15000
Xiaomi,POCO X2,"16,000.00",16000
vivo,vivo 1935,"17,000.00",17000
vivo,vivo 1819,"24,000.00",24000
INFINIX MOBILITY LIMITED,Infinix X687B,"15,999.00",15999
vivo,vivo 1902,"15,990.00",15990
realme,RMX1921,"16,000.00",16000
vivo,vivo 1818,"25,000.00",25000
vivo,vivo 1917,"16,990.00",16990
realme,RMX2001,"15,000.00",15000
samsung,SM-G611F,"15,000.00",15000
vivo,vivo 1713,"15,000.00",15000
samsung,SM-J730GM,"15,000.00",15000
OPPO,CPH1701,"15,000.00",15000
OPPO,CPH2061,"15,000.00",15000
asus,ASUS_X01BDA,"15,000.00",15000
vivo,vivo 1807,"15,000.00",15000
vivo,V2027,"15,000.00",15000
samsung,SM-G615FU,"15,000.00",15000
vivo,vivo 1938,"15,000.00",15000
OPPO,CPH2179,"15,000.00",15000
OPPO,CPH1893,"15,000.00",15000
HUAWEI,HRY-AL00Ta,"15,000.00",15000
vivo,vivo V3,"15,000.00",15000
vivo,V2037,"15,000.00",15000
LGE,LG-M700,"15,000.00",15000
HUAWEI,LDN-L21,"15,000.00",15000
vivo,vivo 1609,"15,000.00",15000
samsung,SM-J600GF,"15,000.00",15000
samsung,SM-J720F,"15,000.00",15000
PANASONIC,Eluga_Ray_700,"15,000.00",15000
motorola,moto g(6),"15,998.00",15998
Realme,RMX1851,"16,000.00",16000
HUAWEI,BKL-L09,"16,000.00",16000
vivo,vivo 1723,"16,000.00",16000
vivo,V2036,"16,000.00",16000
vivo,vivo 1951,"17,000.00",17000
vivo,vivo 1907,"17,000.00",17000
OPPO,CPH2095,"17,000.00",17000
OPPO,CPH1937,"17,000.00",17000
vivo,vivo 1921,"17,000.00",17000
vivo,V2031,"17,000.00",17000
samsung,SM-M405F,"17,499.00",17499
samsung,SM-G610F,"17,500.00",17500
samsung,SM-A315F,"17,999.00",17999
vivo,vivo 1727,"18,000.00",18000
realme,RMX2061,"18,000.00",18000
samsung,SM-T385,"18,000.00",18000
HUAWEI,STK-L21,"18,000.00",18000
vivo,V2030,"18,000.00",18000
realme,RMX3081,"18,000.00",18000
HUAWEI,BKK-AL10,"18,000.00",18000
samsung,SM-A600G,"18,999.00",18999
samsung,SM-A600GN,"18,999.00",18999
OPPO,CPH2001,"19,000.00",19000
HUAWEI,JSN-L42,"19,000.00",19000
vivo,vivo 1920,"19,000.00",19000
vivo,vivo 1920_20,"19,000.00",19000
samsung,SM-A405FN,"19,500.00",19500
LeMobile,Le X526,"19,999.00",19999
Xiaomi,Redmi K20 Pro,"25,000.00",25000
samsung,SM-A730F,"25,990.00",25990
samsung,SM-A515F,"25,999.00",25999
samsung,SM-C701F,"26,600.00",26600
samsung,SM-A715F,"27,499.00",27499
OnePlus,AC2001,"28,000.00",28000
OnePlus,ONEPLUS A5000,"28,000.00",28000
OnePlus,HD1901,"30,000.00",30000
OnePlus,GM1901,"30,000.00",30000
samsung,SM-T505,"22,000.00",22000
samsung,SM-A750F,"22,300.00",22300
OPPO,CPH1945,"25,000.00",25000
samsung,SM-C900F,"31,900.00",31900
samsung,SM-A707F,"33,100.00",33100
samsung,SM-G770F,"37,000.00",37000
OnePlus,ONEPLUS A5010,"38,000.00",38000
OnePlus,GM1911,"40,000.00",40000
OnePlus,ONEPLUS A6010,"40,000.00",40000
samsung,SM-M515F,"24,999.00",24999
realme,RMX1931,"25,000.00",25000
Apple,"iPhone8,1","40,000.00",40000
OPPO,CPH1989,"23,000.00",23000
realme,RMX1992,"20,000.00",20000
samsung,SM-M317F,"22,999.00",22999
OnePlus,ONEPLUS A3003,"28,000.00",28000
samsung,SM-A910F,"28,400.00",28400
vivo,vivo 1919,"20,000.00",20000
OPPO,CPH1723,"20,000.00",20000
vivo,vivo 1804,"20,000.00",20000
Xiaomi,Redmi K20,"20,000.00",20000
vivo,V2022,"20,000.00",20000
HUAWEI,RNE-L22,"20,000.00",20000
Xiaomi,M2101K6I,"20,000.00",20000
OnePlus,A0001,"20,000.00",20000
Xiaomi,M2102J20SI,"20,000.00",20000
samsung,SM-A325F,"20,499.00",20499
motorola,moto g 5G,"20,999.00",20999
OPPO,CPH2285,"22,000.00",22000
vivo,V2025,"23,000.00",23000
motorola,moto x4,"24,000.00",24000
LGE,LM-Q710.FGN,"24,000.00",24000
OPPO,CPH2119,"25,000.00",25000
OnePlus,ONE A2003,"25,000.00",25000
vivo,vivo 1933,"25,000.00",25000
OPPO,CPH1819,"25,000.00",25000
OPPO,CPH1979,"25,000.00",25000
HUAWEI,PAR-AL00,"25,000.00",25000
Xiaomi,M2007J17I,"25,000.00",25000
samsung,GT-N7105,"25,000.00",25000
vivo,V2045,"25,000.00",25000
OPPO,CPH2213,"25,000.00",25000
OPPO,CPH1727,"25,000.00",25000
LGE,Nexus 5X,"26,000.00",26000
LGE,LM-G710,"26,000.00",26000
realme,RMX2081,"26,000.00",26000
samsung,SM-A705GM,"26,500.00",26500
asus,ASUS_I001DE,"27,000.00",27000
samsung,SM-A716U,"27,499.00",27499
samsung,SM-A730F,"27,499.00",27499
vivo,vivo 1909,"28,000.00",28000
vivo,V2040,"28,000.00",28000
OPPO,CPH2035,"28,000.00",28000
samsung,SM-A920F,"28,400.00",28400
Apple,"iPhone8,2","40,000.00",40000
OnePlus,IN2021,"40,000.00",40000
samsung,SM-N770F,"38,999.00",38999
samsung,SM-G925F,"41,000.00",41000
OnePlus,ONEPLUS A6000,"44,000.00",44000
samsung,SM-N950F,"45,000.00",45000
samsung,SM-G970F,"47,900.00",47900
OPPO,CPH1955,"30,000.00",30000
samsung,SM-G960F,"31,900.00",31900
samsung,SM-C9000,"31,900.00",31900
OnePlus,LE2101,"39,999.00",39999
OnePlus,KB2001,"40,000.00",40000
samsung,SM-G965F,"41,990.00",41990
HUAWEI,DUK-L09,"30,000.00",30000
OnePlus,HD1911,"50,000.00",50000
realme,RMX2170,"32,000.00",32000
vivo,vivo 1805,"30,000.00",30000
OPPO,CPH1907,"30,000.00",30000
Xiaomi,M2007J3SP,"30,000.00",30000
Xiaomi,M2007J3SG,"30,000.00",30000
samsung,SM-P610,"32,000.00",32000
samsung,SM-A710F,"33,100.00",33100
samsung,SM-N920C,"33,900.00",33900
samsung,SM-N920T,"33,900.00",33900
LGE,LM-G850,"35,000.00",35000
Xiaomi,M2007J3SI,"35,000.00",35000
OnePlus,LE2121,"39,999.00",39999
OnePlus,IN2011,"40,000.00",40000
Apple,"iPhone8,4","40,000.00",40000
samsung,SM-G955F,"41,000.00",41000
samsung,SM-G955U,"41,000.00",41000
samsung,SM-G935F,"41,000.00",41000
samsung,SM-G900F,"41,000.00",41000
samsung,SM-G970U,"47,900.00",47900
samsung,SM-G780F,"49,000.00",49000
samsung,SM-N935F,"49,999.00",49999
samsung,SM-G885F,"50,000.00",50000
samsung,SM-G973F,"58,800.00",58800
samsung,SM-G980F,"58,800.00",58800
samsung,SM-G985F,"58,800.00",58800
samsung,SM-G975F,"58,800.00",58800
Apple,"iPhone10,1","75,000.00",75000
Apple,"iPhone10,6","75,000.00",75000
samsung,SM-G998B,"58,800.00",58800
LGE,LG-H930,"60,000.00",60000
Google,Pixel 3,"60,000.00",60000
Google,Pixel 4a,"60,000.00",60000
samsung,SM-N950U,"70,000.00",70000
Apple,"iPhone11,6","75,000.00",75000
Apple,"iPhone11,8","75,000.00",75000
Apple,"iPhone9,3","75,000.00",75000
samsung,SM-N980F,"80,000.00",80000
samsung,SM-N970F,"85,000.00",85000
Apple,"iPhone13,2","90,000.00",90000
Apple,"iPhone12,8","80,000.00",80000
samsung,SM-N960F,"93,000.00",93000
samsung,SM-N986B,"100,000.00",100000
samsung,SM-N975F,"100,000.00",100000
Google,Pixel 3 XL,"60,000.00",60000
Google,Pixel 3a,"60,000.00",60000
Google,Pixel 4 XL,"60,000.00",60000
Apple,"iPhone11,2","75,000.00",75000
Apple,"iPhone10,2","75,000.00",75000
Apple,"iPhone10,3","75,000.00",75000
Apple,"iPhone12,1","80,000.00",80000
samsung,SM-G991B,"58,800.00",58800
Google,Pixel 3a XL,"60,000.00",60000
samsung,SM-N950U1,"70,000.00",70000